DBMS,category_label,Multi_model_info,DBMS_insitelink,has_github_repo,has_company,github_repo_link,Score_Aug-2026,Rank_Aug-2026,org_name,repo_name,Developer,Website,initial_release_recalc,current_release_recalc,open_source_license,License_info,cloud_based_only_recalc,Columnar,Content,Document,Event,Graph,Key-value,Multivalue,Native XML,Navigational,NoSQL,Object oriented,RDF,Relational,Search engine,Spatial,Time Series,Vector,Wide column,Spatial DBMS,Vector DBMS,DBMS_urnform
Oracle,Relational,"Relational DBMS,Document store,Graph DBMS,RDF store,Spatial DBMS,Vector DBMS",https://db-engines.com/en/system/Oracle,N,Y,-,1123.43,1,-,-,Oracle,www.oracle.com/database,1980,2023,N,restricted free version is available,N,0,0,1,0,1,0,0,0,0,0,0,1,1,0,1,0,1,0,1.0,0.0,oracle
MySQL,Relational,"Relational DBMS,Document store,Spatial DBMS",https://db-engines.com/en/system/MySQL,Y,Y,mysql/mysql-server,842.32,2,mysql,mysql-server,Oracle,www.mysql.com,1995,2024,Y,GPL version 2. Commercial licenses with extended functionallity are available,N,0,0,1,0,0,0,0,0,0,0,0,0,1,0,1,0,0,0,1.0,0.0,mysql
Microsoft SQL Server,Relational,"Relational DBMS,Document store,Graph DBMS,Spatial DBMS",https://db-engines.com/en/system/Microsoft+SQL+Server,N,Y,-,694.56,3,-,-,Microsoft,www.microsoft.com/en-us/sql-server,1989,2022,N,restricted free version is available,N,0,0,1,0,1,0,0,0,0,0,0,0,1,0,1,0,0,0,1.0,0.0,microsoft-sql-server
PostgreSQL,Relational,"Relational DBMS,Document store,Graph DBMS,Spatial DBMS,Vector DBMS",https://db-engines.com/en/system/PostgreSQL,Y,N,postgres/postgres,684.58,4,postgres,postgres,PostgreSQL Global Development Group,www.postgresql.org,1989,2024,Y,BSD,N,0,0,1,0,1,0,0,0,0,0,0,0,1,0,1,0,1,0,1.0,1.0,postgresql
MongoDB,Document,"Document store,Key-value store,Spatial DBMS,Search engine,Time Series DBMS,Vector DBMS",https://db-engines.com/en/system/MongoDB,Y,Y,mongodb/mongo,384.88,5,mongodb,mongo,"MongoDB, Inc",www.mongodb.com,2009,2024,Y,MongoDB Inc.'s Server Side Public License v1. Prior versions were published under GNU AGPL v3.0. Commercial licenses are also available.,N,0,0,1,0,0,1,0,0,0,0,0,0,0,1,1,1,1,0,1.0,1.0,mongodb
Snowflake,Relational,Relational DBMS,https://db-engines.com/en/system/Snowflake,Y_archivedas_twitter-archive/snowflake,Y,twitter-archive/snowflake,215.89,6,twitter-archive,snowflake,Snowflake Computing Inc.,www.snowflake.com,2014,,N,,Y,0,0,0,0,0,0,0,0,0,0,0,0,1,0,0,0,0,0,0.0,0.0,snowflake
Databricks,Document,"Document store,Relational DBMS",https://db-engines.com/en/system/Databricks,N,N,-,165.81,7,-,-,Databricks,www.databricks.com,2013,,N,,Y,0,0,1,0,0,0,0,0,0,0,0,0,1,0,0,0,0,0,0.0,0.0,databricks
Redis,Key-value,"Key-value store,Document store,Graph DBMS,Spatial DBMS,Search engine,Time Series DBMS,Vector DBMS",https://db-engines.com/en/system/Redis,Y,Y,redis/redis,156.51,8,redis,redis,"Redis project core team, inspired by Salvatore Sanfilippo","redis.com,redis.io",2009,2024,Y,"source-available extensions (modules), commercial licenses for Redis Enterprise",N,0,0,1,0,1,1,0,0,0,0,0,0,0,1,1,1,1,0,1.0,1.0,redis
IBM Db2,Relational,"Relational DBMS,Document store,RDF store,Spatial DBMS",https://db-engines.com/en/system/IBM+Db2,N,Y,-,112.07,9,-,-,IBM,www.ibm.com/products/db2,1983,2016,N,free version is available,N,0,0,1,0,0,0,0,0,0,0,0,1,1,0,1,0,0,0,1.0,0.0,ibm-db2
Apache Cassandra,Wide column,"Wide column store,Vector DBMS",https://db-engines.com/en/system/Apache+Cassandra,,,,99.98,10,,,Apache Software Foundation,cassandra.apache.org,2008,2024,Y,Apache version 2,N,0,0,0,0,0,0,0,0,0,0,0,0,0,0,0,0,1,1,,,apache-cassandra
SQLite,Relational,Relational DBMS,https://db-engines.com/en/system/SQLite,Y,N,sqlite/sqlite,95.94,11,sqlite,sqlite,Dwayne Richard Hipp,www.sqlite.org,2000,2024,Y,Public Domain,N,0,0,0,0,0,0,0,0,0,0,0,0,1,0,0,0,0,0,0.0,0.0,sqlite
Elasticsearch,Search Engine,"Search engine,Vector DBMS,Document store,Spatial DBMS",https://db-engines.com/en/system/Elasticsearch,Y,Y,elastic/elasticsearch,94.34,12,elastic,elasticsearch,Elastic,www.elastic.co/elasticsearch,2010,2023,Y,Elastic License,N,0,0,1,0,0,0,0,0,0,0,0,0,0,1,1,0,1,0,1.0,1.0,elasticsearch
MariaDB,Relational,"Relational DBMS,Document store,Graph DBMS,Spatial DBMS",https://db-engines.com/en/system/MariaDB,Y,Y_借壳上市,MariaDB/server,79.08,13,MariaDB,server,MariaDB plc (MariaDB Enterprise Platform and MariaDB),"mariadb.com,mariadb.org",2009,2024,Y,"GPL version 2, commercial enterprise subscription available",N,0,0,1,0,1,0,0,0,0,0,0,0,1,0,1,0,0,0,1.0,0.0,mariadb
Splunk,Search Engine,Search engine,https://db-engines.com/en/system/Splunk,N,,-,71.23,14,-,-,Splunk Inc.,www.splunk.com,2003,,N,Limited free edition and free developer edition available,N,0,0,0,0,0,0,0,0,0,0,0,0,0,1,0,0,0,0,0.0,0.0,splunk
Apache Hive,Relational,Relational DBMS,https://db-engines.com/en/system/Apache+Hive,,,,71.09,15,,,Apache Software Foundation,hive.apache.org,2012,2022,Y,Apache Version 2,N,0,0,0,0,0,0,0,0,0,0,0,0,1,0,0,0,0,0,,,apache-hive
Microsoft Azure SQL Database,Relational,"Relational DBMS,Document store,Graph DBMS,Spatial DBMS",https://db-engines.com/en/system/Microsoft+Azure+SQL+Database,N,,-,70.77,16,-,-,Microsoft,azure.microsoft.com/en-us/products/azure-sql/database,2010,,N,,Y,0,0,1,0,1,0,0,0,0,0,0,0,1,0,1,0,0,0,1.0,0.0,microsoft-azure-sql-database
Microsoft Access,Relational,Relational DBMS,https://db-engines.com/en/system/Microsoft+Access,N,Y,-,64.3,17,-,-,Microsoft,www.microsoft.com/en-us/microsoft-365/access,1992,2019,N,Bundled with Microsoft Office,N,0,0,0,0,0,0,0,0,0,0,0,0,1,0,0,0,0,0,0.0,0.0,microsoft-access
Amazon DynamoDB,Document,"Document store,Key-value store",https://db-engines.com/en/system/Amazon+DynamoDB,N,,-,54.19,18,-,-,Amazon,aws.amazon.com/dynamodb,2012,,N,free tier for a limited amount of database operations,Y,0,0,1,0,0,1,0,0,0,0,0,0,0,0,0,0,0,0,0.0,0.0,amazon-dynamodb
Google BigQuery,Relational,Relational DBMS,https://db-engines.com/en/system/Google+BigQuery,N_api_googleapis/python-bigquery,Y,-,52.7,19,-,-,Google,cloud.google.com/bigquery,2010,,N,,Y,0,0,0,0,0,0,0,0,0,0,0,0,1,0,0,0,0,0,0.0,0.0,google-bigquery
Neo4j,Graph,Graph DBMS,https://db-engines.com/en/system/Neo4j,Y,Y,neo4j/neo4j,49.59,20,neo4j,neo4j,"Neo4j, Inc.",neo4j.com,2007,2024,Y,"GPL version3, commercial licenses available",N,0,0,0,0,1,0,0,0,0,0,0,0,0,0,0,0,0,0,0.0,0.0,neo4j
Apache Solr,Search Engine,"Search engine,Spatial DBMS",https://db-engines.com/en/system/Apache+Solr,,,,33.03,21,,,Apache Software Foundation,solr.apache.org,2006,2024,Y,Apache Version 2,N,0,0,0,0,0,0,0,0,0,0,0,0,0,1,1,0,0,0,,,apache-solr
SAP HANA,Relational,"Relational DBMS,Document store,Graph DBMS,Spatial DBMS",https://db-engines.com/en/system/SAP+HANA,N,,-,31.55,22,-,-,SAP,www.sap.com/products/hana.html,2010,2023,N,,N,0,0,1,0,1,0,0,0,0,0,0,0,1,0,1,0,0,0,1.0,0.0,sap-hana
Teradata,Relational,"Relational DBMS,Document store,Graph DBMS,Spatial DBMS,Time Series DBMS",https://db-engines.com/en/system/Teradata,N,,-,31.22,23,-,-,Teradata,www.teradata.com,1984,2019,N,,N,0,0,1,0,1,0,0,0,0,0,0,0,1,0,1,1,0,0,1.0,0.0,teradata
FileMaker,Relational,Relational DBMS,https://db-engines.com/en/system/FileMaker,N,,-,29.39,24,-,-,Claris,www.claris.com/filemaker,1983,2021,N,,N,0,0,0,0,0,0,0,0,0,0,0,0,1,0,0,0,0,0,0.0,0.0,filemaker
SAP Adaptive Server,Relational,"Relational DBMS,Spatial DBMS",https://db-engines.com/en/system/SAP+Adaptive+Server,N,,-,25.1,25,-,-,"SAP, Sybase",www.sap.com/products/technology-platform/sybase-ase.html,1987,,N,,N,0,0,0,0,0,0,0,0,0,0,0,0,1,0,1,0,0,0,1.0,0.0,sap-adaptive-server
ClickHouse,Relational,"Relational DBMS,Document Stores,Spatial DBMS,Time Series DBMS,Vector DBMS",https://db-engines.com/en/system/ClickHouse,Y,Y_新成立,ClickHouse/ClickHouse,24.95,26,ClickHouse,ClickHouse,Clickhouse Inc.,clickhouse.com,2016,2025,Y,Apache 2.0,N,0,0,0,0,0,0,0,0,0,0,0,0,1,0,1,1,1,0,0.0,0.0,clickhouse
Apache Spark (SQL),Relational,Relational DBMS,https://db-engines.com/en/system/Apache+Spark+%28SQL%29,,,,22.47,27,,,Apache Software Foundation,spark.apache.org/sql,2014,2023,Y,Apache 2.0,N,0,0,0,0,0,0,0,0,0,0,0,0,1,0,0,0,0,0,,,apache-spark-sql
PostGIS,Spatial,"Spatial DBMS,Relational DBMS",https://db-engines.com/en/system/PostGIS,Y,,postgis/postgis,22.21,28,postgis,postgis,,postgis.net,2005,2024,Y,GPL v2.0,N,0,0,0,0,0,0,0,0,0,0,0,0,1,0,1,0,0,0,1.0,0.0,postgis
InfluxDB,Time Series,"Time Series DBMS,Spatial DBMS",https://db-engines.com/en/system/InfluxDB,Y,,influxdata/influxdb,21.37,29,influxdata,influxdb,,www.influxdata.com/products/influxdb-overview,2013,2024,Y,MIT-License; commercial enterprise version available,N,0,0,0,0,0,0,0,0,0,0,0,0,0,0,1,1,0,0,1.0,0.0,influxdb
OpenSearch,Search Engine,"Search engine,Vector DBMS,Vector DBMS",https://db-engines.com/en/system/OpenSearch,Y,Y,opensearch-project/OpenSearch,21.04,30,opensearch-project,OpenSearch,The OpenSearch Software Foundation,"github.com/opensearch-project,opensearch.org",2021,2025,Y,Apache Version 2.0,N,0,0,0,0,0,0,0,0,0,0,0,0,0,1,0,0,1,0,0.0,1.0,opensearch
Microsoft Azure Cosmos DB,Document,"Document store,Graph DBMS,Key-value store,Wide column store,Spatial DBMS",https://db-engines.com/en/system/Microsoft+Azure+Cosmos+DB,N,,-,20.67,31,-,-,Microsoft,azure.microsoft.com/services/cosmos-db,2014,,N,,Y,0,0,1,0,1,1,0,0,0,0,0,0,0,0,1,0,0,1,1.0,0.0,microsoft-azure-cosmos-db
Apache HBase,Wide column,Wide column store,https://db-engines.com/en/system/Apache+HBase,,,,20.18,32,,,Apache Software Foundation,hbase.apache.org,2008,2021,Y,Apache version 2,N,0,0,0,0,0,0,0,0,0,0,0,0,0,0,0,0,0,1,,,apache-hbase
Microsoft Fabric,Relational,Relational DBMS,https://db-engines.com/en/system/Microsoft+Fabric,,,,18.73,33,,,Microsoft,www.microsoft.com/en-us/microsoft-fabric,,,,,,0,0,0,0,0,0,0,0,0,0,0,0,1,0,0,0,0,0,,,microsoft-fabric
Firebird,Relational,Relational DBMS,https://db-engines.com/en/system/Firebird,Y,N,FirebirdSQL/firebird,17.7,34,FirebirdSQL,firebird,Firebird Foundation,www.firebirdsql.org,2000,2024,Y,Initial Developer's Public License,N,0,0,0,0,0,0,0,0,0,0,0,0,1,0,0,0,0,0,0.0,0.0,firebird
Microsoft Azure Synapse Analytics,Relational,Relational DBMS,https://db-engines.com/en/system/Microsoft+Azure+Synapse+Analytics,N,,-,17.19,35,-,-,Microsoft,azure.microsoft.com/services/synapse-analytics,2016,,N,,Y,0,0,0,0,0,0,0,0,0,0,0,0,1,0,0,0,0,0,0.0,0.0,microsoft-azure-synapse-analytics
Amazon Redshift,Relational,Relational DBMS,https://db-engines.com/en/system/Amazon+Redshift,N,,-,16.77,36,-,-,"Amazon (based on,PostgreSQL,)",aws.amazon.com/redshift,2012,,N,,Y,0,0,0,0,0,0,0,0,0,0,0,0,1,0,0,0,0,0,0.0,0.0,amazon-redshift
Firebase Realtime Database,Document,Document store,https://db-engines.com/en/system/Firebase+Realtime+Database,N,,-,15.85,37,-,-,Google,firebase.google.com/products/realtime-database,2012,,N,,Y,0,0,1,0,0,0,0,0,0,0,0,0,0,0,0,0,0,0,0.0,0.0,firebase-realtime-database
Memcached,Key-value,Key-value store,https://db-engines.com/en/system/Memcached,Y,,memcached/memcached,14.26,38,memcached,memcached,Danga Interactive,www.memcached.org,2003,2024,Y,BSD license,N,0,0,0,0,0,1,0,0,0,0,0,0,0,0,0,0,0,0,0.0,0.0,memcached
Informix,Relational,"Relational DBMS,Document store,Spatial DBMS,Time Series DBMS",https://db-engines.com/en/system/Informix,N,Y,-,13.46,39,-,-,"IBM, HCL Technologies",www.ibm.com/products/informix,1984,2020,N,free developer edition available,N,0,0,1,0,0,0,0,0,0,0,0,0,1,0,1,1,0,0,1.0,0.0,informix
Apache Flink,Relational,Relational DBMS,https://db-engines.com/en/system/Apache+Flink,Y,,apache/flink,11.81,40,apache,flink,Apache Software Foundation and contributors,flink.apache.org,,2024,Y,,N,0,0,0,0,0,0,0,0,0,0,0,0,1,0,0,0,0,0,0.0,0.0,apache-flink
Apache Impala,Relational,"Relational DBMS,Document store",https://db-engines.com/en/system/Apache+Impala,,,,10.81,41,,,Apache Software Foundation,impala.apache.org,2013,2022,Y,Apache Version 2,N,0,0,1,0,0,0,0,0,0,0,0,0,1,0,0,0,0,0,,,apache-impala
DuckDB,Relational,Relational DBMS,https://db-engines.com/en/system/DuckDB,Y,,duckdb/duckdb,10.3,42,duckdb,duckdb,,duckdb.org,2018,2024,Y,MIT License,N,0,0,0,0,0,0,0,0,0,0,0,0,1,0,0,0,0,0,0.0,0.0,duckdb
Amazon Aurora,Relational,"Relational DBMS,Document store,Spatial DBMS,Vector DBMS",https://db-engines.com/en/system/Amazon+Aurora,N,,-,9.8,43,-,-,Amazon,aws.amazon.com/rds/aurora,2015,2024,N,,Y,0,0,1,0,0,0,0,0,0,0,0,0,1,0,1,0,1,0,0.0,0.0,amazon-aurora
Couchbase,Document,"Document store,Vector DBMS,Key-value store,Spatial DBMS,Search engine,Time Series DBMS,Vector DBMS,Wide column store",https://db-engines.com/en/system/Couchbase,Y,Y,couchbase/couchbase-lite-core,9.69,44,couchbase,couchbase-lite-core,"Couchbase, Inc.",www.couchbase.com,2011,2024,Y,Business Source License (BSL 1.1); Commercial licenses also available,N,0,0,1,0,0,1,0,0,0,0,0,0,0,1,1,1,1,1,1.0,0.0,couchbase
Pinecone,Vector,Vector DBMS,https://db-engines.com/en/system/Pinecone,N,Y,-,9.32,45,-,-,"Pinecone Systems, Inc",www.pinecone.io,2019,,N,,Y,0,0,0,0,0,0,0,0,0,0,0,0,0,0,0,0,1,0,0.0,1.0,pinecone
H2,Relational,"Relational DBMS,Spatial DBMS",https://db-engines.com/en/system/H2,Y,N,h2database/h2database,9.15,46,h2database,h2database,Thomas Mueller,www.h2database.com,2005,2023,Y,"dual-licence (Mozilla public license, Eclipse public license)",N,0,0,0,0,0,0,0,0,0,0,0,0,1,0,1,0,0,0,1.0,0.0,h2
Kdb,Time Series,"Time Series DBMS,Vector DBMS,Relational DBMS",https://db-engines.com/en/system/Kdb,Y,,KxSystems/kdb,9.0,47,KxSystems,kdb,"Kx Systems, a division of First Derivatives plc",kx.com,2000,2018,N,free 32-bit version,N,0,0,0,0,0,0,0,0,0,0,0,0,1,0,0,1,1,0,0.0,1.0,kdb
Google Cloud Firestore,Document,Document store,https://db-engines.com/en/system/Google+Cloud+Firestore,N,,-,8.96,48,-,-,Google,firebase.google.com/products/firestore,2017,,N,,Y,0,0,1,0,0,0,0,0,0,0,0,0,0,0,0,0,0,0,0.0,0.0,google-cloud-firestore
Prometheus,Time Series,Time Series DBMS,https://db-engines.com/en/system/Prometheus,Y,N,prometheus/prometheus,8.84,49,prometheus,prometheus,,prometheus.io,2015,,Y,Apache 2.0,N,0,0,0,0,0,0,0,0,0,0,0,0,0,0,0,1,0,0,0.0,0.0,prometheus
Vertica,Relational,"Relational DBMS,Spatial DBMS,Time Series DBMS",https://db-engines.com/en/system/Vertica,N,Y,-,8.23,50,-,-,OpenText,www.vertica.com,2005,2023,N,Limited community edition free,N,0,0,0,0,0,0,0,0,0,0,0,0,1,0,1,1,0,0,1.0,0.0,vertica
dBASE,Relational,Relational DBMS,https://db-engines.com/en/system/dBASE,N,,-,7.54,51,-,-,Asthon Tate,www.dbase.com,1979,2019,N,,N,0,0,0,0,0,0,0,0,0,0,0,0,1,0,0,0,0,0,0.0,0.0,dbase
Trino,Relational,"Relational DBMS,Document store,Key-value store,Spatial DBMS,Search engine,Time Series DBMS,Wide column store",https://db-engines.com/en/system/Trino,Y,,trinodb/trino,7.35,52,trinodb,trino,Trino Software Foundation,trino.io,2012,,Y,Apache Version 2.0,N,0,0,1,0,0,1,0,0,0,0,0,0,1,1,1,1,0,1,1.0,0.0,trino
etcd,Key-value,Key-value store,https://db-engines.com/en/system/etcd,Y,,etcd-io/etcd,7.1,53,etcd-io,etcd,,"etcd.io,github.com/etcd-io/etcd",,2019,Y,Apache Version 2.0,N,0,0,0,0,0,1,0,0,0,0,0,0,0,0,0,0,0,0,0.0,0.0,etcd
Algolia,Search Engine,Search engine,https://db-engines.com/en/system/Algolia,N,,-,7.01,54,-,-,,www.algolia.com,2012,,N,,Y,0,0,0,0,0,0,0,0,0,0,0,0,0,1,0,0,0,0,0.0,0.0,algolia
Milvus,Vector,Vector DBMS,https://db-engines.com/en/system/Milvus,Y,,milvus-io/milvus,6.54,55,milvus-io,milvus,,milvus.io,2019,2024,Y,Apache Version 2.0,N,0,0,0,0,0,0,0,0,0,0,0,0,0,0,0,0,1,0,0.0,1.0,milvus
Realm,Document,Document store,https://db-engines.com/en/system/Realm,Y,,realm/realm-core,6.48,56,realm,realm-core,"Realm, acquired by MongoDB in May 2019",realm.io,2014,,Y,,N,0,0,1,0,0,0,0,0,0,0,0,0,0,0,0,0,0,0,0.0,0.0,realm
Microsoft Azure AI Search,Search Engine,"Search engine,Vector DBMS",https://db-engines.com/en/system/Microsoft+Azure+AI+Search,N,,-,6.41,57,-,-,Microsoft,azure.microsoft.com/en-us/services/search,2015,,N,,Y,0,0,0,0,0,0,0,0,0,0,0,0,0,1,0,0,1,0,0.0,,microsoft-azure-ai-search
CouchDB,Document,"Document store,Spatial DBMS",https://db-engines.com/en/system/CouchDB,Y,N,apache/couchdb,6.27,58,apache,couchdb,Apache Software Foundation,couchdb.apache.org,2005,2023,Y,Apache version 2,N,0,0,1,0,0,0,0,0,0,0,0,0,0,0,1,0,0,0,1.0,0.0,couchdb
Qdrant,Vector,Vector DBMS,https://db-engines.com/en/system/Qdrant,Y,,qdrant/qdrant,6.21,59,qdrant,qdrant,Qdrant,"github.com/qdrant/qdrant,qdrant.tech",2021,,Y,Apache Version 2.0,N,0,0,0,0,0,0,0,0,0,0,0,0,0,0,0,0,1,0,0.0,1.0,qdrant
Presto,Relational,Relational DBMS,https://db-engines.com/en/system/Presto,Y,N_Facebook开源,prestodb/presto,6.09,60,prestodb,presto,Facebook; Presto Foundation,prestodb.io,2013,,Y,Apache 2.0,N,0,0,0,0,0,0,0,0,0,0,0,0,1,0,0,0,0,0,0.0,0.0,presto
TimescaleDB,Time Series,"Time Series DBMS,Relational DBMS",https://db-engines.com/en/system/TimescaleDB,Y,,timescale/timescaledb,6.05,61,timescale,timescaledb,Timescale,www.tigerdata.com,2017,2026,Y,Apache 2.0,N,0,0,0,0,0,0,0,0,0,0,0,0,1,0,0,1,0,0,0.0,0.0,timescaledb
Netezza,Relational,Relational DBMS,https://db-engines.com/en/system/Netezza,N,,-,5.91,62,-,-,IBM,www.ibm.com/products/netezza,2000,,N,,N,0,0,0,0,0,0,0,0,0,0,0,0,1,0,0,0,0,0,0.0,0.0,netezza
Greenplum,Relational,"Relational DBMS,Document store,Spatial DBMS",https://db-engines.com/en/system/Greenplum,Y,Y,greenplum-db/gpdb-archive,5.86,63,greenplum-db,gpdb-archive,Pivotal Software Inc.,greenplum.org,2005,2023,N,Apache 2.0,N,0,0,1,0,0,0,0,0,0,0,0,0,1,0,1,0,0,0,1.0,0.0,greenplum
Sphinx,Search Engine,Search engine,https://db-engines.com/en/system/Sphinx,Y,Y,sphinxsearch/sphinx,5.77,64,sphinxsearch,sphinx,Sphinx Technologies Inc.,sphinxsearch.com,2001,2023,Y,"GPL version 2, commercial licence available",N,0,0,0,0,0,0,0,0,0,0,0,0,0,1,0,0,0,0,0.0,0.0,sphinx
ScyllaDB,Wide column,"Wide column store,Key-value store",https://db-engines.com/en/system/ScyllaDB,Y,,scylladb/scylla,4.97,65,scylladb,scylla,ScyllaDB,www.scylladb.com,2015,2024,Y,"Open Source (AGPL), commercial license available",N,0,0,0,0,0,1,0,0,0,0,0,0,0,0,0,0,0,1,0.0,0.0,scylladb
Weaviate,Vector,Vector DBMS,https://db-engines.com/en/system/Weaviate,Y,,semi-technologies/weaviate,4.88,66,semi-technologies,weaviate,Weaviate B.V.,"github.com/weaviate/weaviate,weaviate.io",2019,2026,Y,commercial license available with Weaviate Enterprise,N,0,0,0,0,0,0,0,0,0,0,0,0,0,0,0,0,1,0,0.0,1.0,weaviate
DolphinDB,Time Series,"Time Series DBMS,Vector DBMS,Relational DBMS",https://db-engines.com/en/system/DolphinDB,N,,-,4.85,67,-,-,"DolphinDB, Inc",www.dolphindb.com,2018,2022,N,free community version available,N,0,0,0,0,0,0,0,0,0,0,0,0,1,0,0,1,1,0,0.0,0.0,dolphindb
Hazelcast,Key-value,"Key-value store,Document store",https://db-engines.com/en/system/Hazelcast,Y,,hazelcast/hazelcast,4.61,68,hazelcast,hazelcast,Hazelcast,hazelcast.com,2008,2023,Y,Apache Version 2; commercial licenses available,N,0,0,1,0,0,1,0,0,0,0,0,0,0,0,0,0,0,0,0.0,0.0,hazelcast
CockroachDB,Relational,"Multi-Model DBMS,Relational DBMS,CockroachDB supports relational,semi-structured JSON/document,vector/embedding,geospatial,and typed categorical/enumeration data,all exposed via SQL,on the same strongly consistent,globally distributed data platform.",https://db-engines.com/en/system/CockroachDB,Y,Y,cockroachdb/cockroach,4.59,69,cockroachdb,cockroach,Cockroach Labs,www.cockroachlabs.com,2015,2026,Y,"Apache 2.0, commercial license available",N,0,0,0,0,0,0,0,0,0,0,0,0,1,0,0,0,1,0,0.0,0.0,cockroachdb
Oracle Essbase,Relational,Relational DBMS,https://db-engines.com/en/system/Oracle+Essbase,N,,-,4.44,70,-,-,Oracle,www.oracle.com/business-analytics/essbase.html,1998,2020,N,,N,0,0,0,0,0,0,0,0,0,0,0,0,1,0,0,0,0,0,0.0,0.0,oracle-essbase
Graphite,Time Series,Time Series DBMS,https://db-engines.com/en/system/Graphite,Y,,graphite-project/graphite-web,4.36,71,graphite-project,graphite-web,Chris Davis,github.com/graphite-project/graphite-web,2006,,Y,Apache 2.0,N,0,0,0,0,0,0,0,0,0,0,0,0,0,0,0,1,0,0,0.0,0.0,graphite
Aerospike,Document,"Document store,Graph DBMS,Key-value store,Spatial DBMS",https://db-engines.com/en/system/Aerospike,Y,,aerospike/aerospike-server,4.33,72,aerospike,aerospike-server,Aerospike,aerospike.com,2012,2025,Y,Apache and AGPL Licenses; open sourced in June 2014; commercial Enterprise Edition available,N,0,0,1,0,1,1,0,0,0,0,0,0,0,0,1,0,0,0,1.0,0.0,aerospike
Apache Druid,Relational,"Relational DBMS,Time Series DBMS",https://db-engines.com/en/system/Apache+Druid,Y,N,apache/druid,4.06,73,apache,druid,Apache Software Foundation and contributors,druid.apache.org,2012,2025,Y,Apache license v2,N,0,0,0,0,0,0,0,0,0,0,0,0,1,0,0,1,0,0,0.0,0.0,apache-druid
RocksDB,Key-value,Key-value store,https://db-engines.com/en/system/RocksDB,Y,Y,facebook/rocksdb,3.94,74,facebook,rocksdb,"Facebook, Inc.",rocksdb.org,2013,2024,Y,BSD,N,0,0,0,0,0,1,0,0,0,0,0,0,0,0,0,0,0,0,0.0,0.0,rocksdb
Apache Jackrabbit,Content,Content stores,https://db-engines.com/en/system/Apache+Jackrabbit,,,,3.86,75,,,Apache Software Foundation,jackrabbit.apache.org,2006,2022,Y,,N,0,1,0,0,0,0,0,0,0,0,0,0,0,0,0,0,0,0,,,apache-jackrabbit
Interbase,Relational,Relational DBMS,https://db-engines.com/en/system/Interbase,N,,-,3.75,76,-,-,Embarcadero,www.embarcadero.com/products/interbase,1984,2019,N,,N,0,0,0,0,0,0,0,0,0,0,0,0,1,0,0,0,0,0,0.0,0.0,interbase
TiDB,Relational,"Relational DBMS,Vector DBMS",https://db-engines.com/en/system/TiDB,Y,Y,pingcap/tidb,3.66,77,pingcap,tidb,"PingCAP, Inc.",pingcap.com,2016,2024,Y,Apache 2.0,N,0,0,0,0,0,0,0,0,0,0,0,0,1,0,0,0,1,0,0.0,0.0,tidb
MarkLogic,Document,"Document store,Native XML DBMS,RDF store,Search engine,Vector DBMS",https://db-engines.com/en/system/MarkLogic,N,,-,3.66,78,-,-,MarkLogic Corp.,www.progress.com/marklogic,2001,2022,N,restricted free version is available,N,0,0,1,0,0,0,0,1,0,0,0,1,0,1,0,0,1,0,0.0,0.0,marklogic
Alibaba Cloud PolarDB,Relational,Relational DBMS,https://db-engines.com/en/system/Alibaba+Cloud+PolarDB,,,,3.61,79,,,Alibaba,www.alibabacloud.com/product/polardb,,,N,,Y,0,0,0,0,0,0,0,0,0,0,0,0,1,0,0,0,0,0,,,alibaba-cloud-polardb
Oracle NoSQL,Document,"Document store,Key-value store,Relational DBMS",https://db-engines.com/en/system/Oracle+NoSQL,Y,N,oracle/nosql-go-sdk,3.49,80,oracle,nosql-go-sdk,Oracle,github.com/oracle/nosql,2011,2026,Y,"Proprietary for Enterprise Edition (Oracle Database EE license has Oracle NoSQL database EE covered:,details,)",N,0,0,1,0,0,1,0,0,0,0,0,0,1,0,0,0,0,0,0.0,0.0,oracle-nosql
Arango,Document,"Document store,Graph DBMS,Key-value store,Multi-Model DBMS,Search engine,Vector DBMS",https://db-engines.com/en/system/Arango,,,,3.46,81,,,Arango,"arango.ai,Resources (blogs, ebooks, etc) at,arango.ai/resources",2012,2026,"as of version 3.12 (2024), arangodb's source code moved from apache 2.0 to the business source license (bsl 1.1), so it's no longer fully open source. community edition is free only for non-commercial/internal use with a 100 gib limit; enterprise edition is commercially licensed with no size limit.",,N,0,0,1,0,1,1,0,0,0,0,0,0,0,1,0,0,1,0,,,arango
OpenEdge,Relational,Relational DBMS,https://db-engines.com/en/system/OpenEdge,N,,-,3.38,82,-,-,Progress Software Corporation,www.progress.com/openedge,1984,2020,N,,N,0,0,0,0,0,0,0,0,0,0,0,0,1,0,0,0,0,0,0.0,0.0,openedge
SAP SQL Anywhere,Relational,Relational DBMS,https://db-engines.com/en/system/SAP+SQL+Anywhere,N,,-,3.34,83,-,-,SAP,www.sap.com/products/technology-platform/sql-anywhere.html,1992,2015,N,,N,0,0,0,0,0,0,0,0,0,0,0,0,1,0,0,0,0,0,0.0,0.0,sap-sql-anywhere
Datastax Enterprise,Wide column,"Wide column store,Document store,Graph DBMS,Spatial DBMS,Search engine,Vector DBMS",https://db-engines.com/en/system/Datastax+Enterprise,N,,-,3.32,84,-,-,DataStax,www.datastax.com/products/datastax-enterprise,2011,2020,N,,N,0,0,1,0,1,0,0,0,0,0,0,0,0,1,1,0,1,1,1.0,1.0,datastax-enterprise
QuestDB,Time Series,"Time Series DBMS,Relational DBMS",https://db-engines.com/en/system/QuestDB,Y,,questdb/questdb,3.28,85,questdb,questdb,QuestDB Technology Inc,questdb.com,2014,,Y,Apache 2.0,N,0,0,0,0,0,0,0,0,0,0,0,0,1,0,0,1,0,0,0.0,0.0,questdb
Google Cloud Datastore,Document,Document store,https://db-engines.com/en/system/Google+Cloud+Datastore,N,,-,3.27,86,-,-,Google,cloud.google.com/datastore,2008,,N,,Y,0,0,1,0,0,0,0,0,0,0,0,0,0,0,0,0,0,0,0.0,0.0,google-cloud-datastore
Riak KV,Key-value,Key-value store,https://db-engines.com/en/system/Riak+KV,Y,,basho/riak_kv,3.12,87,basho,riak_kv,"OpenSource, formerly Basho Technologies",,2009,2022,Y,"Apache version 2, commercial enterprise edition",N,0,0,0,0,0,1,0,0,0,0,0,0,0,0,0,0,0,0,0.0,0.0,riak-kv
Ingres,Relational,Relational DBMS,https://db-engines.com/en/system/Ingres,Y,,fosslc/Ingres,3.11,88,fosslc,Ingres,Actian Corporation,www.actian.com/databases/ingres,1974,2024,N,,N,0,0,0,0,0,0,0,0,0,0,0,0,1,0,0,0,0,0,0.0,0.0,ingres
TDengine,Time Series,"Time Series DBMS,Relational DBMS",https://db-engines.com/en/system/TDengine,Y,,taosdata/TDengine,3.1,89,taosdata,TDengine,"TDEngine, previously Taos Data","github.com/taosdata/TDengine,tdengine.com",2019,2022,Y,"AGPL V3, also commercial editions available",N,0,0,0,0,0,0,0,0,0,0,0,0,1,0,0,1,0,0,0.0,0.0,tdengine
Microsoft Azure Data Explorer,Relational,"Relational DBMS,Document store,Event Store,Graph DBMS,Spatial DBMS,Search engine,Time Series DBMS",https://db-engines.com/en/system/Microsoft+Azure+Data+Explorer,N,,-,3.07,90,-,-,Microsoft,azure.microsoft.com/services/data-explorer,2019,,N,,Y,0,0,1,1,1,0,0,0,0,0,0,0,1,1,1,1,0,0,1.0,0.0,microsoft-azure-data-explorer
Chroma,Vector,Vector DBMS,https://db-engines.com/en/system/Chroma,Y,,chroma-core/chroma,3.01,91,chroma-core,chroma,Chroma,www.trychroma.com,,,Y,Apache-2.0 license,N,0,0,0,0,0,0,0,0,0,0,0,0,0,0,0,0,1,0,0.0,1.0,chroma
Apache Derby,Relational,Relational DBMS,https://db-engines.com/en/system/Apache+Derby,,,,3.0,92,,,Apache Software Foundation,db.apache.org/derby,1997,2023,Y,Apache version 2,N,0,0,0,0,0,0,0,0,0,0,0,0,1,0,0,0,0,0,,,apache-derby
SingleStore,Relational,"Relational DBMS,Document store,Spatial DBMS,Time Series DBMS,Vector DBMS",https://db-engines.com/en/system/SingleStore,N,,-,2.99,93,-,-,SingleStore Inc.,www.singlestore.com,2013,2024,N,free developer edition available,N,0,0,1,0,0,0,0,0,0,0,0,0,1,0,1,1,1,0,1.0,1.0,singlestore
Google Cloud Spanner,Relational,Relational DBMS,https://db-engines.com/en/system/Google+Cloud+Spanner,N,,-,2.88,94,-,-,Google,cloud.google.com/spanner,2017,,N,,Y,0,0,0,0,0,0,0,0,0,0,0,0,1,0,0,0,0,0,0.0,0.0,google-cloud-spanner
Adabas,Multivalue,Multivalue DBMS,https://db-engines.com/en/system/Adabas,Y,,jrmarino/AdaBase,2.78,95,jrmarino,AdaBase,Software AG,www.softwareag.com/en_corporate/platform/adabas-natural.html,1971,,N,,N,0,0,0,0,0,0,1,0,0,0,0,0,0,0,0,0,0,0,0.0,0.0,adabas
Ehcache,Key-value,Key-value store,https://db-engines.com/en/system/Ehcache,Y,Y,ehcache/ehcache3,2.74,96,ehcache,ehcache3,"Terracotta Inc, owned by Software AG",www.ehcache.org,2009,2022,Y,Apache Version 2; commercial licenses available,N,0,0,0,0,0,1,0,0,0,0,0,0,0,0,0,0,0,0,0.0,0.0,ehcache
Apache Ignite,Key-value,"Key-value store,Relational DBMS",https://db-engines.com/en/system/Apache+Ignite,,,,2.73,97,,,Apache Software Foundation,ignite.apache.org,2015,2023,Y,Apache 2.0,N,0,0,0,0,0,1,0,0,0,0,0,0,1,0,0,0,0,0,,,apache-ignite
Microsoft Azure Table Storage,Wide column,Wide column store,https://db-engines.com/en/system/Microsoft+Azure+Table+Storage,N,,-,2.68,98,-,-,Microsoft,azure.microsoft.com/en-us/services/storage/tables,2012,,N,,Y,0,0,0,0,0,0,0,0,0,0,0,0,0,0,0,0,0,1,0.0,0.0,microsoft-azure-table-storage
Valkey,Key-value,Key-value store,https://db-engines.com/en/system/Valkey,,,,2.67,99,,,,valkey.io,2024,2024,Y,,N,0,0,0,0,0,1,0,0,0,0,0,0,0,0,0,0,0,0,,,valkey
Amazon Neptune,Graph,"Graph DBMS,RDF store",https://db-engines.com/en/system/Amazon+Neptune,N,,-,2.66,100,-,-,Amazon,aws.amazon.com/neptune,2017,,N,,Y,0,0,0,0,1,0,0,0,0,0,0,1,0,0,0,0,0,0,0.0,0.0,amazon-neptune
Apache Accumulo,Wide column,Wide column store,https://db-engines.com/en/system/Apache+Accumulo,,,,2.57,101,,,,accumulo.apache.org,2008,2022,Y,,N,0,0,0,0,0,0,0,0,0,0,0,0,0,0,0,0,0,1,,,apache-accumulo
GemFire,Key-value,"Key-value store,Document store",https://db-engines.com/en/system/GemFire,N,Y,-,2.55,102,-,-,VMware,network.tanzu.vmware.com/products/pivotal-gemfire,2004,2022,N,,N,0,0,1,0,0,1,0,0,0,0,0,0,0,0,0,0,0,0,0.0,0.0,gemfire
Apache IoTDB,Time Series,Time Series DBMS,https://db-engines.com/en/system/Apache+IoTDB,Y,N,apache/iotdb,2.53,103,apache,iotdb,Apache Software Foundation,iotdb.apache.org,2018,2023,Y,Apache Version 2.0,N,0,0,0,0,0,0,0,0,0,0,0,0,0,0,0,1,0,0,0.0,0.0,apache-iotdb
RethinkDB,Document,"Document store,Spatial DBMS",https://db-engines.com/en/system/RethinkDB,Y,,rethinkdb/rethinkdb,2.51,104,rethinkdb,rethinkdb,The Linux Foundation,rethinkdb.com,2009,2020,Y,Apache Version 2,N,0,0,1,0,0,0,0,0,0,0,0,0,0,0,1,0,0,0,1.0,0.0,rethinkdb
HyperSQL,Relational,Relational DBMS,https://db-engines.com/en/system/HyperSQL,Y,N,ryenus/hsqldb,2.49,105,ryenus,hsqldb,,hsqldb.org,2001,2023,Y,based on BSD license,N,0,0,0,0,0,0,0,0,0,0,0,0,1,0,0,0,0,0,0.0,0.0,hypersql
OrientDB,Document,"Document store,Graph DBMS,Key-value store",https://db-engines.com/en/system/OrientDB,Y,,orientechnologies/orientdb,2.44,106,orientechnologies,orientdb,OrientDB LTD; CallidusCloud; SAP,orientdb.org,2010,2024,Y,Apache version 2,N,0,0,1,0,1,1,0,0,0,0,0,0,0,0,0,0,0,0,0.0,0.0,orientdb
Virtuoso,Document,"Document store,Graph DBMS,Native XML DBMS,Relational DBMS,RDF store,Search engine,Spatial DBMS",https://db-engines.com/en/system/Virtuoso,Y,,openlink/virtuoso-opensource,2.43,107,openlink,virtuoso-opensource,OpenLink Software,virtuoso.openlinksw.com,1998,2023,Y,"GPLv2, extended commercial license available",N,0,0,1,0,1,0,0,1,0,0,0,1,1,1,1,0,0,0,1.0,0.0,virtuoso
Apache Jena - TDB,RDF,RDF store,https://db-engines.com/en/system/Apache+Jena+-+TDB,Y,N,apache/jena,2.43,108,apache,jena,Apache Software Foundation,jena.apache.org/documentation/tdb/index.html,2000,2023,Y,"Apache License, Version 2.0",N,0,0,0,0,0,0,0,0,0,0,0,1,0,0,0,0,0,0,0.0,0.0,apache-jena-tdb
Google Cloud Bigtable,Key-value,"Key-value store,Wide column store",https://db-engines.com/en/system/Google+Cloud+Bigtable,N,,-,2.42,109,-,-,Google,cloud.google.com/bigtable,2015,,N,,Y,0,0,0,0,0,1,0,0,0,0,0,0,0,0,0,0,0,1,0.0,0.0,google-cloud-bigtable
Coveo,Search Engine,Search engine,https://db-engines.com/en/system/Coveo,N,,-,2.4,110,-,-,Coveo,www.coveo.com,2012,,N,,Y,0,0,0,0,0,0,0,0,0,0,0,0,0,1,0,0,0,0,0.0,0.0,coveo
GraphDB,Graph,"Graph DBMS,RDF store",https://db-engines.com/en/system/GraphDB,N,,-,2.39,111,-,-,"Ontotext, trading as Graphwise",www.graphwise.ai,2000,2026,N,Some plugins of GraphDB Workbench are open sourced,N,0,0,0,0,1,0,0,0,0,0,0,1,0,0,0,0,0,0,0.0,0.0,graphdb
IBM Cloudant,Document,Document store,https://db-engines.com/en/system/IBM+Cloudant,N,,-,2.29,112,-,-,"IBM, Apache Software Foundation",www.ibm.com/products/cloudant,2010,,N,,Y,0,0,1,0,0,0,0,0,0,0,0,0,0,0,0,0,0,0,0.0,0.0,ibm-cloudant
OceanBase,Relational,"Relational DBMS,Vector DBMS,Document store,Wide column store",https://db-engines.com/en/system/OceanBase,Y,,oceanbase/oceanbase,2.26,113,oceanbase,oceanbase,OceanBase,en.oceanbase.com,2010,2024,Y,Commercial license available,N,0,0,1,0,0,0,0,0,0,0,0,0,1,0,0,0,1,1,0.0,0.0,oceanbase
SAP IQ,Relational,Relational DBMS,https://db-engines.com/en/system/SAP+IQ,N,,-,2.25,114,-,-,"SAP, formerly Sybase",www.sap.com/products/technology-platform/sybase-iq-big-data-management.html,1994,2019,N,,N,0,0,0,0,0,0,0,0,0,0,0,0,1,0,0,0,0,0,0.0,0.0,sap-iq
RavenDB,Document,"Document store,Graph DBMS,Spatial DBMS,Time Series DBMS",https://db-engines.com/en/system/RavenDB,Y,,ravendb/ravendb,2.23,115,ravendb,ravendb,Hibernating Rhinos,ravendb.net,2010,2022,Y,"AGPL version 3, commercial license available",N,0,0,1,0,1,0,0,0,0,0,0,0,0,0,1,1,0,0,1.0,0.0,ravendb
"UniData,UniVerse",Multivalue,Multivalue DBMS,https://db-engines.com/en/system/UniData%2CUniVerse,N,,-,2.2,116,-,-,Rocket Software,www.rocketsoftware.com/products/rocket-multivalue-application-development-platform/rocket-unidata,1985,,N,,N,0,0,0,0,0,0,1,0,0,0,0,0,0,0,0,0,0,0,0.0,0.0,unidata-universe
Rockset,Document,"Document store,Relational DBMS,Search engine",https://db-engines.com/en/system/Rockset,N,,-,2.17,117,-,-,Rockset,rockset.com,2019,,N,,Y,0,0,1,0,0,0,0,0,0,0,0,0,1,1,0,0,0,0,0.0,0.0,rockset
YugabyteDB,Relational,"Relational DBMS,Document store,Wide column store",https://db-engines.com/en/system/YugabyteDB,Y,Y,yugabyte/yugabyte-db,2.09,118,yugabyte,yugabyte-db,Yugabyte Inc.,www.yugabyte.com,2017,2024,Y,Apache 2.0,N,0,0,1,0,0,0,0,0,0,0,0,0,1,0,0,0,0,1,0.0,0.0,yugabytedb
Citus,Relational,"Relational DBMS,Document store",https://db-engines.com/en/system/Citus,Y,,citusdata/citus,2.07,119,citusdata,citus,,www.citusdata.com,2010,2018,Y,"AGPL, commercial license also available",N,0,0,1,0,0,0,0,0,0,0,0,0,1,0,0,0,0,0,0.0,0.0,citus
Apache Phoenix,Relational,Relational DBMS,https://db-engines.com/en/system/Apache+Phoenix,Y,N,apache/phoenix,2.03,120,apache,phoenix,Apache Software Foundation,phoenix.apache.org,2014,2019,Y,Apache Version 2.0,N,0,0,0,0,0,0,0,0,0,0,0,0,1,0,0,0,0,0,0.0,0.0,apache-phoenix
CloudKit,Document,Document store,https://db-engines.com/en/system/CloudKit,Y,,jcrosby/cloudkit,2.03,121,jcrosby,cloudkit,,developer.apple.com/icloud/cloudkit,2016,,N,,Y,0,0,1,0,0,0,0,0,0,0,0,0,0,0,0,0,0,0,0.0,0.0,cloudkit
InterSystems IRIS,Document,"Document store,Key-value store,Object oriented DBMS,Relational DBMS",https://db-engines.com/en/system/InterSystems+IRIS,N,,-,2.01,122,-,-,InterSystems,www.intersystems.com/products/intersystems-iris,2018,2023,N,,N,0,0,1,0,0,1,0,0,0,0,1,0,1,0,0,0,0,0,0.0,0.0,intersystems-iris
GBase,Relational,Relational DBMS,https://db-engines.com/en/system/GBase,N,,-,2.01,123,-,-,"General Data Technology Co., Ltd.",www.gbase.cn,2004,,N,,N,0,0,0,0,0,0,0,0,0,0,0,0,1,0,0,0,0,0,0.0,0.0,gbase
4D,Relational,Relational DBMS,https://db-engines.com/en/system/4D,N,,-,2.0,124,-,-,"4D, Inc",www.4d.com,1984,2023,N,,N,0,0,0,0,0,0,0,0,0,0,0,0,1,0,0,0,0,0,0.0,0.0,4d
Amazon CloudSearch,Search Engine,Search engine,https://db-engines.com/en/system/Amazon+CloudSearch,N,,-,1.96,125,-,-,Amazon,aws.amazon.com/cloudsearch,2012,,N,,Y,0,0,0,0,0,0,0,0,0,0,0,0,0,1,0,0,0,0,0.0,0.0,amazon-cloudsearch
Stardog,Graph,"Graph DBMS,RDF store",https://db-engines.com/en/system/Stardog,N,,-,1.94,126,-,-,Stardog-Union,www.stardog.com,2010,2020,N,60-day fully-featured trial license; 1-year fully-featured non-commercial use license for academics/students,N,0,0,0,0,1,0,0,0,0,0,0,1,0,0,0,0,0,0,0.0,0.0,stardog
LMDB,Key-value,Key-value store,https://db-engines.com/en/system/LMDB,Y,,LMDB/lmdb,1.9,127,LMDB,lmdb,Symas,www.symas.com/symas-embedded-database-lmdb,2011,2024,Y,,N,0,0,0,0,0,1,0,0,0,0,0,0,0,0,0,0,0,0,0.0,0.0,lmdb
Amazon DocumentDB,Document,Document store,https://db-engines.com/en/system/Amazon+DocumentDB,N,,-,1.88,128,-,-,,aws.amazon.com/documentdb,2019,,N,,Y,0,0,1,0,0,0,0,0,0,0,0,0,0,0,0,0,0,0,0.0,0.0,amazon-documentdb
TigerGraph,Graph,Graph DBMS,https://db-engines.com/en/system/TigerGraph,N,,-,1.86,129,-,-,,www.tigergraph.com,2017,,N,,N,0,0,0,0,1,0,0,0,0,0,0,0,0,0,0,0,0,0,0.0,0.0,tigergraph
Percona Server for MySQL,Relational,Relational DBMS,https://db-engines.com/en/system/Percona+Server+for+MySQL,Y_replacementfor_MySQL,N,percona/percona-server,1.86,130,percona,percona-server,Percona,www.percona.com/software/mysql-database/percona-server,2008,2024,Y,GPL version 2,N,0,0,0,0,0,0,0,0,0,0,0,0,1,0,0,0,0,0,0.0,0.0,percona-server-for-mysql
PlanetScale,Relational,"Relational DBMS,Document store,Spatial DBMS",https://db-engines.com/en/system/PlanetScale,N,,-,1.86,131,-,-,PlanetScale,planetscale.com,2020,,N,,Y,0,0,1,0,0,0,0,0,0,0,0,0,1,0,1,0,0,0,1.0,0.0,planetscale
JanusGraph,Graph,Graph DBMS,https://db-engines.com/en/system/JanusGraph,Y,,JanusGraph/janusgraph,1.85,132,JanusGraph,janusgraph,"Linux Foundation; originally developed as,Titan,by Aurelius",janusgraph.org,2017,2023,Y,Apache 2.0,N,0,0,0,0,1,0,0,0,0,0,0,0,0,0,0,0,0,0,0.0,0.0,janusgraph
LevelDB,Key-value,Key-value store,https://db-engines.com/en/system/LevelDB,Y,,google/leveldb,1.8,133,google,leveldb,Google,github.com/google/leveldb,2011,2021,Y,BSD,N,0,0,0,0,0,1,0,0,0,0,0,0,0,0,0,0,0,0,0.0,0.0,leveldb
Infinispan,Key-value,Key-value store,https://db-engines.com/en/system/Infinispan,Y,,infinispan/infinispan,1.8,134,infinispan,infinispan,,infinispan.org,2009,2023,Y,Apache Version 2,N,0,0,0,0,0,1,0,0,0,0,0,0,0,0,0,0,0,0,0.0,0.0,infinispan
MaxDB,Relational,Relational DBMS,https://db-engines.com/en/system/MaxDB,N,,-,1.78,135,-,-,"SAP, acquired from Software AG (Adabas-D) in 1997",maxdb.sap.com,1984,2024,N,Limited community edition free,N,0,0,0,0,0,0,0,0,0,0,0,0,1,0,0,0,0,0,0.0,0.0,maxdb
PouchDB,Document,Document store,https://db-engines.com/en/system/PouchDB,Y,N,pouchdb/pouchdb,1.77,136,pouchdb,pouchdb,Apache Software Foundation,pouchdb.com,2012,2019,Y,,N,0,0,1,0,0,0,0,0,0,0,0,0,0,0,0,0,0,0,0.0,0.0,pouchdb
Memgraph,Graph,Graph DBMS,https://db-engines.com/en/system/Memgraph,Y,,memgraph/memgraph,1.75,137,memgraph,memgraph,Memgraph Ltd,memgraph.com,2017,,Y,BSL 1.1; commercial license for enterprise edition available,N,0,0,0,0,1,0,0,0,0,0,0,0,0,0,0,0,0,0,0.0,0.0,memgraph
NebulaGraph,Graph,Graph DBMS,https://db-engines.com/en/system/NebulaGraph,Y_archivedas_nebula-graph,Y,vesoft-inc/nebula,1.73,138,vesoft-inc,nebula,Vesoft Inc.,"github.com/vesoft-inc/nebula,www.nebula-graph.io",2019,,Y,Apache Version 2.0 + Common Clause 1.0,N,0,0,0,0,1,0,0,0,0,0,0,0,0,0,0,0,0,0,0.0,0.0,nebulagraph
Apache Drill,Document,"Document store,Relational DBMS",https://db-engines.com/en/system/Apache+Drill,Y,N,apache/drill,1.7,139,apache,drill,Apache Software Foundation,drill.apache.org,2012,2023,Y,Apache Version 2,N,0,0,1,0,0,0,0,0,0,0,0,0,1,0,0,0,0,0,0.0,0.0,apache-drill
SpatiaLite,Spatial,"Spatial DBMS,Relational DBMS",https://db-engines.com/en/system/SpatiaLite,Y,,illarionov/SpatiaLite,1.69,140,illarionov,SpatiaLite,Alessandro Furieri,www.gaia-gis.it/fossil/libspatialite/index,2008,2020,Y,"MPL 1.1, GPL v2.0 or LGPL v2.1",N,0,0,0,0,0,0,0,0,0,0,0,0,1,0,1,0,0,0,1.0,0.0,spatialite
EDB Postgres,Relational,"Relational DBMS,Document store,Spatial DBMS",https://db-engines.com/en/system/EDB+Postgres,N,,-,1.63,141,-,-,EnterpriseDB,www.enterprisedb.com,2005,2021,N,BSD for PostgreSQL-components,N,0,0,1,0,0,0,0,0,0,0,0,0,1,0,1,0,0,0,1.0,0.0,edb-postgres
StarRocks,Relational,Relational DBMS,https://db-engines.com/en/system/StarRocks,Y,,StarRocks/StarRocks,1.63,142,StarRocks,StarRocks,The Linux Foundation,www.starrocks.io,2020,2024,Y,Apache Version 2.0,N,0,0,0,0,0,0,0,0,0,0,0,0,1,0,0,0,0,0,0.0,0.0,starrocks
IMS,Navigational,Navigational DBMS,https://db-engines.com/en/system/IMS,N,,-,1.62,143,-,-,IBM,www.ibm.com/products/ims,1966,2025,N,,N,0,0,0,0,0,0,0,0,1,0,0,0,0,0,0,0,0,0,0.0,0.0,ims
Oracle Coherence,Key-value,Key-value store,https://db-engines.com/en/system/Oracle+Coherence,Y_CommunityEdition,,oracle/coherence,1.59,144,oracle,coherence,Oracle,www.oracle.com/java/coherence,2007,2023,N,,N,0,0,0,0,0,1,0,0,0,0,0,0,0,0,0,0,0,0,0.0,0.0,oracle-coherence
Fauna,Document,"Document store,Graph DBMS,Relational DBMS,Time Series DBMS",https://db-engines.com/en/system/Fauna,N,,-,1.59,145,-,-,"Fauna, Inc.",fauna.com,2014,,N,,Y,0,0,1,0,1,0,0,0,0,0,0,0,1,0,0,1,0,0,0.0,0.0,fauna
MonetDB,Relational,"Relational DBMS,Document store,Spatial DBMS",https://db-engines.com/en/system/MonetDB,Y,,MonetDB/MonetDB,1.55,146,MonetDB,MonetDB,MonetDB BV,www.monetdb.org,2004,2023,Y,Mozilla Public License 2.0,N,0,0,1,0,0,0,0,0,0,0,0,0,1,0,1,0,0,0,1.0,0.0,monetdb
Amazon SimpleDB,Key-value,Key-value store,https://db-engines.com/en/system/Amazon+SimpleDB,N,,-,1.54,147,-,-,Amazon,aws.amazon.com/simpledb,2007,,N,,Y,0,0,0,0,0,1,0,0,0,0,0,0,0,0,0,0,0,0,0.0,0.0,amazon-simpledb
Oracle Berkeley DB,Key-value,"Key-value store,Native XML DBMS",https://db-engines.com/en/system/Oracle+Berkeley+DB,Y,,berkeleydb/libdb,1.52,148,berkeleydb,libdb,Oracle,www.oracle.com/database/technologies/related/berkeleydb.html,1994,2020,Y,commercial license available,N,0,0,0,0,0,1,0,1,0,0,0,0,0,0,0,0,0,0,0.0,0.0,oracle-berkeley-db
Datomic,Relational,Relational DBMS,https://db-engines.com/en/system/Datomic,N,,-,1.51,149,-,-,Cognitect,www.datomic.com,2012,2024,N,limited edition free,N,0,0,0,0,0,0,0,0,0,0,0,0,1,0,0,0,0,0,0.0,0.0,datomic
Meilisearch,Search Engine,"Search engine,Vector DBMS",https://db-engines.com/en/system/Meilisearch,Y,,meilisearch/meilisearch,1.5,150,meilisearch,meilisearch,,"github.com/meilisearch/meilisearch,www.meilisearch.com",2020,,Y,MIT License,N,0,0,0,0,0,0,0,0,0,0,0,0,0,1,0,0,1,0,0.0,0.0,meilisearch
EXASOL,Relational,Relational DBMS,https://db-engines.com/en/system/EXASOL,N,,-,1.49,151,-,-,Exasol,www.exasol.com,2000,,N,,N,0,0,0,0,0,0,0,0,0,0,0,0,1,0,0,0,0,0,0.0,0.0,exasol
Vitess,Relational,"Relational DBMS,Document store,Spatial DBMS",https://db-engines.com/en/system/Vitess,Y,,vitessio/vitess,1.48,152,vitessio,vitess,"The Linux Foundation, PlanetScale",vitess.io,2013,2022,Y,"Apache Version 2.0, commercial licenses available",N,0,0,1,0,0,0,0,0,0,0,0,0,1,0,1,0,0,0,1.0,0.0,vitess
RRDtool,Time Series,Time Series DBMS,https://db-engines.com/en/system/RRDtool,Y,,oetiker/rrdtool-1.x,1.46,153,oetiker,rrdtool-1.x,Tobias Oetiker,oss.oetiker.ch/rrdtool,1999,2022,Y,GPL V2 and FLOSS,N,0,0,0,0,0,0,0,0,0,0,0,0,0,0,0,1,0,0,0.0,0.0,rrdtool
VictoriaMetrics,Time Series,Time Series DBMS,https://db-engines.com/en/system/VictoriaMetrics,Y,,VictoriaMetrics/VictoriaMetrics,1.45,154,VictoriaMetrics,VictoriaMetrics,VictoriaMetrics,victoriametrics.com,2018,2023,Y,Apache Version 2.0,N,0,0,0,0,0,0,0,0,0,0,0,0,0,0,0,1,0,0,0.0,0.0,victoriametrics
SurrealDB,Document,"Document store,Graph DBMS",https://db-engines.com/en/system/SurrealDB,Y,,surrealdb/surrealdb,1.43,155,surrealdb,surrealdb,SurrealDB Ltd,surrealdb.com,2022,2024,Y,,N,0,0,1,0,1,0,0,0,0,0,0,0,0,0,0,0,0,0,0.0,0.0,surrealdb
OpenTSDB,Time Series,Time Series DBMS,https://db-engines.com/en/system/OpenTSDB,Y,,OpenTSDB/opentsdb,1.41,156,OpenTSDB,opentsdb,currently maintained by Yahoo and other contributors,opentsdb.net,2011,,Y,LGPL,N,0,0,0,0,0,0,0,0,0,0,0,0,0,0,0,1,0,0,0.0,0.0,opentsdb
BaseX,Native XML,Native XML DBMS,https://db-engines.com/en/system/BaseX,Y,,BaseXdb/basex,1.4,157,BaseXdb,basex,BaseX GmbH,basex.org,2007,2024,Y,BSD license,N,0,0,0,0,0,0,0,1,0,0,0,0,0,0,0,0,0,0,0.0,0.0,basex
D3,Multivalue,Multivalue DBMS,https://db-engines.com/en/system/D3,N,,-,1.38,158,-,-,"Rocket, formerly TigerLogic",www.rocketsoftware.com/products/rocket-multivalue-application-development-platform/rocket-d3,1999,,N,,N,0,0,0,0,0,0,1,0,0,0,0,0,0,0,0,0,0,0,0.0,0.0,d3
jBASE,Multivalue,Multivalue DBMS,https://db-engines.com/en/system/jBASE,N,,-,1.37,159,-,-,Rocket Software (formerly Zumasys),www.rocketsoftware.com/products/rocket-multivalue-application-development-platform/rocket-jbase,1991,,N,,N,0,0,0,0,0,0,1,0,0,0,0,0,0,0,0,0,0,0,0.0,0.0,jbase
Typesense,Search Engine,Search engine,https://db-engines.com/en/system/Typesense,Y,,typesense/typesense,1.36,160,typesense,typesense,,typesense.org,2015,,Y,GPL V3,N,0,0,0,0,0,0,0,0,0,0,0,0,0,1,0,0,0,0,0.0,0.0,typesense
GridGain,Columnar,"Columnar,Key-value store,Object oriented DBMS,Relational DBMS",https://db-engines.com/en/system/GridGain,Y_CommunityEdition,,gridgain/gridgain,1.34,161,gridgain,gridgain,"GridGain Systems, Inc.",www.gridgain.com,2007,,"commercial, open source",,N,1,0,0,0,0,1,0,0,0,0,1,0,1,0,0,0,0,0,0.0,0.0,gridgain
HFSQL,Relational,Relational DBMS,https://db-engines.com/en/system/HFSQL,N,,-,1.33,162,-,-,PC Soft,windev.com/pcsoft/hfsql.htm,,,N,,N,0,0,0,0,0,0,0,0,0,0,0,0,1,0,0,0,0,0,0.0,0.0,hfsql
GridDB,Time Series,"Time Series DBMS,Key-value store,Relational DBMS",https://db-engines.com/en/system/GridDB,Y,,griddb/griddb,1.33,163,griddb,griddb,Toshiba Corporation,griddb.net,2013,2022,Y,"AGPL version 3 and Apache License, version 2.0 , commercial license (standard and advanced editions) also available",N,0,0,0,0,0,1,0,0,0,0,0,0,1,0,0,1,0,0,0.0,0.0,griddb
TDSQL for MySQL,Relational,"Relational DBMS,Document store,Spatial DBMS",https://db-engines.com/en/system/TDSQL+for+MySQL,N,,-,1.32,164,-,-,Tencent,www.tencentcloud.com/products/dcdb,2013,,N,,Y,0,0,1,0,0,0,0,0,0,0,0,0,1,0,1,0,0,0,1.0,0.0,tdsql-for-mysql
Tarantool,Document,"Document store,Key-value store,Relational DBMS,Spatial DBMS",https://db-engines.com/en/system/Tarantool,Y,,tarantool/tarantool,1.28,165,tarantool,tarantool,VK,www.tarantool.io,2008,2022,Y,"BSD-2, source-available extensions (modules), commercial licenses for Tarantool Enterprise",N,0,0,1,0,0,1,0,0,0,0,0,0,1,0,1,0,0,0,1.0,0.0,tarantool
Amazon Timestream,Time Series,Time Series DBMS,https://db-engines.com/en/system/Amazon+Timestream,N,,-,1.27,166,-,-,,aws.amazon.com/timestream,2018,,N,,Y,0,0,0,0,0,0,0,0,0,0,0,0,0,0,0,1,0,0,0.0,0.0,amazon-timestream
Geode,Key-value,Key-value store,https://db-engines.com/en/system/Geode,Y,,apache/geode,1.27,167,apache,geode,Originally developed by Gemstone. They outsourced the project to Apache in 2015 but still deliver a commercial version as Gemfire.,geode.apache.org,2002,2017,Y,Apache Version 2; commercial licenses available as Gemfire,N,0,0,0,0,0,1,0,0,0,0,0,0,0,0,0,0,0,0,0.0,0.0,geode
Empress,Relational,Relational DBMS,https://db-engines.com/en/system/Empress,N,,-,1.26,168,-,-,,www.empress.com,1981,2010,N,,N,0,0,0,0,0,0,0,0,0,0,0,0,1,0,0,0,0,0,0.0,0.0,empress
Dgraph,Graph,Graph DBMS,https://db-engines.com/en/system/Dgraph,Y,Y,dgraph-io/dgraph,1.24,169,dgraph-io,dgraph,"Dgraph Labs, Inc.",dgraph.io,2016,,Y,Apache 2.0,N,0,0,0,0,1,0,0,0,0,0,0,0,0,0,0,0,0,0,0.0,0.0,dgraph
FoundationDB,Document,"Document store,Key-value store,Relational DBMS",https://db-engines.com/en/system/FoundationDB,Y,,apple/foundationdb,1.23,170,apple,foundationdb,FoundationDB,github.com/apple/foundationdb,2013,2020,Y,Apache 2.0,N,0,0,1,0,0,1,0,0,0,0,0,0,1,0,0,0,0,0,0.0,0.0,foundationdb
Arc,Time Series,Time Series DBMS,https://db-engines.com/en/system/Arc,,,,1.22,171,,,,basekick.net,,,agpl-3.0,,,0,0,0,0,0,0,0,0,0,0,0,0,0,0,0,1,0,0,,,arc
Actian NoSQL Database,Object Oriented,Object oriented DBMS,https://db-engines.com/en/system/Actian+NoSQL+Database,N,,-,1.21,172,-,-,Actian,www.actian.com/databases/nosql,1988,2017,N,,N,0,0,0,0,0,0,0,0,0,0,1,0,0,0,0,0,0,0,0.0,0.0,actian-nosql-database
Apache Kylin,Relational,Relational DBMS,https://db-engines.com/en/system/Apache+Kylin,Y,Y,apache/kylin,1.2,173,apache,kylin,"Apache Software Foundation, originally contributed from eBay Inc",kylin.apache.org,2015,2020,Y,Apache Version 2.0,N,0,0,0,0,0,0,0,0,0,0,0,0,1,0,0,0,0,0,0.0,0.0,apache-kylin
VoltDB,Relational,Relational DBMS,https://db-engines.com/en/system/VoltDB,Y,Y,VoltDB/voltdb,1.19,174,VoltDB,voltdb,VoltDB Inc.,www.voltdb.com,2010,2022,Y,"AGPL for Community Edition, commercial license for Enterprise, AWS, and Pro Editions",N,0,0,0,0,0,0,0,0,0,0,0,0,1,0,0,0,0,0,0.0,0.0,voltdb
ObjectBox,Object Oriented,"Object oriented DBMS,Vector DBMS,Time Series DBMS",https://db-engines.com/en/system/ObjectBox,Y,,objectbox/objectbox-java,1.16,175,objectbox,objectbox-java,ObjectBox Limited,"github.com/objectbox,objectbox.io",2017,2024,Y,Apache License 2.0,N,0,0,0,0,0,0,0,0,0,0,1,0,0,0,0,1,1,0,0.0,0.0,objectbox
Mnesia,Document,Document store,https://db-engines.com/en/system/Mnesia,Y,,beardedeagle/mnesiac,1.15,176,beardedeagle,mnesiac,Ericsson,erlang.org/doc/man/mnesia.html,1999,2018,Y,proprietary license,N,0,0,1,0,0,0,0,0,0,0,0,0,0,0,0,0,0,0,0.0,0.0,mnesia
Db4o,Object Oriented,Object oriented DBMS,https://db-engines.com/en/system/Db4o,Y,,iboxdb/db4o-gpl,1.14,177,iboxdb,db4o-gpl,,sourceforge.net/projects/db4o,2001,,Y,commercial license available for existing customers only,N,0,0,0,0,0,0,0,0,0,0,1,0,0,0,0,0,0,0,0.0,0.0,db4o
Amazon Keyspaces,Wide column,Wide column store,https://db-engines.com/en/system/Amazon+Keyspaces,N,,-,1.13,179,-,-,Amazon,aws.amazon.com/keyspaces,2019,,N,,Y,0,0,0,0,0,0,0,0,0,0,0,0,0,0,0,0,0,1,0.0,0.0,amazon-keyspaces
IBM Db2 warehouse,Relational,Relational DBMS,https://db-engines.com/en/system/IBM+Db2+warehouse,N,,-,1.12,180,-,-,IBM,www.ibm.com/products/db2/warehouse,2014,,N,,Y,0,0,0,0,0,0,0,0,0,0,0,0,1,0,0,0,0,0,0.0,0.0,ibm-db2-warehouse
LiteDB,Document,Document store,https://db-engines.com/en/system/LiteDB,Y,,mbdavid/LiteDB,1.11,181,mbdavid,LiteDB,Mauricio David,www.litedb.org,2014,,Y,MIT License,N,0,0,1,0,0,0,0,0,0,0,0,0,0,0,0,0,0,0,0.0,0.0,litedb
openGauss,Relational,"Relational DBMS,Document store,Spatial DBMS",https://db-engines.com/en/system/openGauss,Y,,opengauss-mirror/openGauss-server,1.11,182,opengauss-mirror,openGauss-server,Huawei and openGauss community,"gitee.com/opengauss,opengauss.org",2019,2022,Y,,N,0,0,1,0,0,0,0,0,0,0,0,0,1,0,1,0,0,0,1.0,0.0,opengauss
HEAVY.AI,Relational,"Relational DBMS,Spatial DBMS",https://db-engines.com/en/system/HEAVY.AI,Y,Y,heavyai/heavydb,1.1,183,heavyai,heavydb,"HEAVY.AI, Inc.","github.com/heavyai/heavydb,www.heavy.ai",2016,2022,Y,Apache Version 2; enterprise edition available,N,0,0,0,0,0,0,0,0,0,0,0,0,1,0,1,0,0,0,1.0,0.0,heavyai
ObjectStore,Object Oriented,Object oriented DBMS,https://db-engines.com/en/system/ObjectStore,N,,-,1.09,184,-,-,Ignite Technologies,ignitetech.com/softwarelibrary/objectstore,1988,2014,N,,N,0,0,0,0,0,0,0,0,0,0,1,0,0,0,0,0,0,0,0.0,0.0,objectstore
Tibero,Relational,Relational DBMS,https://db-engines.com/en/system/Tibero,N,,-,1.07,185,-,-,TmaxTibero,www.tmaxsoft.com/en/solution/view?solutionSeq=55,2003,2022,N,,N,0,0,0,0,0,0,0,0,0,0,0,0,1,0,0,0,0,0,0.0,0.0,tibero
Alibaba Cloud MaxCompute,Relational,Relational DBMS,https://db-engines.com/en/system/Alibaba+Cloud+MaxCompute,N,,-,1.05,186,-,-,Alibaba,www.alibabacloud.com/product/maxcompute,2016,,N,,Y,0,0,0,0,0,0,0,0,0,0,0,0,1,0,0,0,0,0,0.0,0.0,alibaba-cloud-maxcompute
Datameer,Document,Document store,https://db-engines.com/en/system/Datameer,N,,-,1.03,187,-,-,,www.datameer.com,2009,,N,,N,0,0,1,0,0,0,0,0,0,0,0,0,0,0,0,0,0,0,0.0,0.0,datameer
TimesTen,Relational,Relational DBMS,https://db-engines.com/en/system/TimesTen,N,,-,1.03,188,-,-,Oracle,www.oracle.com/database/technologies/related/timesten.html,1998,,N,,N,0,0,0,0,0,0,0,0,0,0,0,0,1,0,0,0,0,0,0.0,0.0,timesten
SQLBase,Relational,Relational DBMS,https://db-engines.com/en/system/SQLBase,N,,-,1.01,189,-,-,Open Text,www.opentext.com/products/gupta-sqlbase,1985,,N,,N,0,0,0,0,0,0,0,0,0,0,0,0,1,0,0,0,0,0,0.0,0.0,sqlbase
Dolt,Relational,"Relational DBMS,Document store",https://db-engines.com/en/system/Dolt,Y,Y,dolthub/dolt,1.0,190,dolthub,dolt,DoltHub Inc,"github.com/dolthub/dolt,www.dolthub.com",2018,,Y,Apache Version 2.0,N,0,0,1,0,0,0,0,0,0,0,0,0,1,0,0,0,0,0,0.0,0.0,dolt
KurrentDB (aka EventStoreDB),Event,"Event Store,Document store,Time Series DBMS",https://db-engines.com/en/system/KurrentDB+%28aka+EventStoreDB%29,,,,0.99,191,,,"Kurrent, Inc. (aka EventStoreDB)",www.kurrent.io,2012,2025,source available,,N,0,0,1,1,0,0,0,0,0,0,0,0,0,0,0,1,0,0,,,kurrentdb-aka-eventstoredb
Giraph,Graph,Graph DBMS,https://db-engines.com/en/system/Giraph,Y,,apache/giraph,0.98,192,apache,giraph,,giraph.apache.org,2013,2020,Y,Apache Version 2,N,0,0,0,0,1,0,0,0,0,0,0,0,0,0,0,0,0,0,0.0,0.0,giraph
NonStop SQL,Relational,Relational DBMS,https://db-engines.com/en/system/NonStop+SQL,N,,-,0.93,193,-,-,"HP, originally by Tandem",www.hpe.com/us/en/servers/nonstop.html,1987,,N,,N,0,0,0,0,0,0,0,0,0,0,0,0,1,0,0,0,0,0,0.0,0.0,nonstop-sql
Vespa,Search Engine,"Search engine,Vector DBMS",https://db-engines.com/en/system/Vespa,Y,,vespa-engine/vespa,0.92,194,vespa-engine,vespa,Yahoo,vespa.ai,,,Y,Apache-2.0 license,N,0,0,0,0,0,0,0,0,0,0,0,0,0,1,0,0,1,0,0.0,1.0,vespa
Xapian,Search Engine,Search engine,https://db-engines.com/en/system/Xapian,Y,,xapian/xapian,0.91,195,xapian,xapian,,xapian.org,1986,2024,Y,GPLv2,N,0,0,0,0,0,0,0,0,0,0,0,0,0,1,0,0,0,0,0.0,0.0,xapian
GT.M,Key-value,Key-value store,https://db-engines.com/en/system/GT.M,N,,-,0.9,196,-,-,,sourceforge.net/projects/fis-gtm,1986,2021,N,,N,0,0,0,0,0,1,0,0,0,0,0,0,0,0,0,0,0,0,0.0,0.0,gtm
DataEase,Relational,Relational DBMS,https://db-engines.com/en/system/DataEase,N,,-,0.89,197,-,-,,www.dataease.com,1981,,N,,N,0,0,0,0,0,0,0,0,0,0,0,0,1,0,0,0,0,0,0.0,0.0,dataease
M3DB,Time Series,Time Series DBMS,https://db-engines.com/en/system/M3DB,Y,,m3db/m3,0.88,198,m3db,m3,,m3db.io,,,Y,Apache version 2,N,0,0,0,0,0,0,0,0,0,0,0,0,0,0,0,1,0,0,0.0,0.0,m3db
Apache HAWQ,Relational,Relational DBMS,https://db-engines.com/en/system/Apache+HAWQ,Y,,apache/hawq,0.84,199,apache,hawq,Pivotal Software; Apache,hawq.apache.org,2012,,Y,,N,0,0,0,0,0,0,0,0,0,0,0,0,1,0,0,0,0,0,0.0,0.0,apache-hawq
Oracle Rdb,Relational,Relational DBMS,https://db-engines.com/en/system/Oracle+Rdb,N,,-,0.83,200,-,-,"Oracle, originally developed by Digital Equipment Corporation (DEC)",www.oracle.com/database/technologies/related/rdb.html,1984,2021,N,,N,0,0,0,0,0,0,0,0,0,0,0,0,1,0,0,0,0,0,0.0,0.0,oracle-rdb
GigaSpaces,Document,"Document store,Object oriented DBMS,Graph DBMS,Search engine",https://db-engines.com/en/system/GigaSpaces,N_Image_Gigaspaces/docker,Y,-,0.83,201,-,-,Gigaspaces Technologies,www.gigaspaces.com,2000,2020,Y,Apache Version 2; Commercial licenses available,N,0,0,1,0,1,0,0,0,0,0,1,0,0,1,0,0,0,0,0.0,0.0,gigaspaces
Alibaba Cloud AnalyticDB for MySQL,Relational,"Relational DBMS,Document store",https://db-engines.com/en/system/Alibaba+Cloud+AnalyticDB+for+MySQL,N,,-,0.8,202,-,-,Alibaba,www.alibabacloud.com/product/analyticdb-for-mysql,,,N,,Y,0,0,1,0,0,0,0,0,0,0,0,0,1,0,0,0,0,0,0.0,0.0,alibaba-cloud-analyticdb-for-mysql
RisingWave,Relational,Relational DBMS,https://db-engines.com/en/system/RisingWave,Y,,risingwavelabs/risingwave,0.8,203,risingwavelabs,risingwave,RisingWave Labs,www.risingwave.com,2022,2025,Y,Apache Version 2.0,N,0,0,0,0,0,0,0,0,0,0,0,0,1,0,0,0,0,0,0.0,,risingwave
NCache,Key-value,"Key-value store,Document store,Search engine",https://db-engines.com/en/system/NCache,Y,,Alachisoft/NCache,0.79,204,Alachisoft,NCache,Alachisoft,www.alachisoft.com/ncache,2005,2024,Y,Enterprise Edition available,N,0,0,1,0,0,1,0,0,0,0,0,0,0,1,0,0,0,0,0.0,0.0,ncache
Cubrid,Relational,Relational DBMS,https://db-engines.com/en/system/Cubrid,Y,,CUBRID/cubrid,0.78,205,CUBRID,cubrid,"CUBRID Corporation, CUBRID Foundation","cubrid.com,(korean),cubrid.org,(english)",2008,2025,Y,Apache Version 2.0,N,0,0,0,0,0,0,0,0,0,0,0,0,1,0,0,0,0,0,0.0,0.0,cubrid
mSQL,Relational,Relational DBMS,https://db-engines.com/en/system/mSQL,N,,-,0.75,206,-,-,Hughes Technologies,hughestech.com.au/products/msql,1994,2021,N,free licenses can be provided,N,0,0,0,0,0,0,0,0,0,0,0,0,1,0,0,0,0,0,0.0,0.0,msql
Altibase,Relational,Relational DBMS,https://db-engines.com/en/system/Altibase,Y,,ALTIBASE/altibase,0.74,207,ALTIBASE,altibase,Altibase,altibase.com,1999,2023,N,Open source edition discontinued with March 2023,N,0,0,0,0,0,0,0,0,0,0,0,0,1,0,0,0,0,0,0.0,0.0,altibase
Sedna,Native XML,Native XML DBMS,https://db-engines.com/en/system/Sedna,Y,,sedna/sedna,0.73,208,sedna,sedna,,sourceforge.net/projects/sedna,2006,,Y,Apache Version 2,N,0,0,0,0,0,0,0,1,0,0,0,0,0,0,0,0,0,0,0.0,0.0,sedna
IDMS,Navigational,Navigational DBMS,https://db-engines.com/en/system/IDMS,N,,-,0.72,209,-,-,Broadcom (formerly CA Technologies),www.broadcom.com/products/mainframe/databases-database-mgmt/idms,1973,,N,,N,0,0,0,0,0,0,0,0,1,0,0,0,0,0,0,0,0,0,0.0,0.0,idms
HPE Ezmeral Data Fabric,Document,"Document store,Wide column store",https://db-engines.com/en/system/HPE+Ezmeral+Data+Fabric,N,,-,0.72,210,-,-,"HPE, MapR Technologies, Inc",www.hpe.com/us/en/software/data-fabric.html,2009,,N,,N,0,0,1,0,0,0,0,0,0,0,0,0,0,0,0,0,0,1,0.0,0.0,hpe-ezmeral-data-fabric
NuoDB,Relational,Relational DBMS,https://db-engines.com/en/system/NuoDB,N,,-,0.72,211,-,-,Dassault Systèmes,www.3ds.com/nuodb-distributed-sql-database,2013,,N,limited edition free,N,0,0,0,0,0,0,0,0,0,0,0,0,1,0,0,0,0,0,0.0,0.0,nuodb
AllegroGraph,Document,"Document store,Graph DBMS,RDF store,Vector DBMS,Spatial DBMS",https://db-engines.com/en/system/AllegroGraph,N,,-,0.71,212,-,-,Franz Inc.,allegrograph.com,2004,2023,N,Limited community edition free,N,0,0,1,0,1,0,0,0,0,0,0,1,0,0,1,0,1,0,1.0,0.0,allegrograph
GeoMesa,Spatial,Spatial DBMS,https://db-engines.com/en/system/GeoMesa,Y,,geomesa/geomesa-geoserver,0.71,213,geomesa,geomesa-geoserver,CCRi and others,www.geomesa.org,2014,2024,Y,Apache License 2.0,N,0,0,0,0,0,0,0,0,0,0,0,0,0,0,1,0,0,0,1.0,0.0,geomesa
KeyDB,Key-value,Key-value store,https://db-engines.com/en/system/KeyDB,Y,,Snapchat/KeyDB,0.7,214,Snapchat,KeyDB,EQ Alpha Technology Ltd.,"github.com/Snapchat/KeyDB,keydb.dev",2019,,Y,BSD-3,N,0,0,0,0,0,1,0,0,0,0,0,0,0,0,0,0,0,0,0.0,0.0,keydb
ZODB,Key-value,Key-value store,https://db-engines.com/en/system/ZODB,Y,,zopefoundation/ZODB,0.7,215,zopefoundation,ZODB,,zodb.org,2009,2023,Y,,N,0,0,0,0,0,1,0,0,0,0,0,0,0,0,0,0,0,0,0.0,0.0,zodb
Blazegraph,Graph,"Graph DBMS,RDF store",https://db-engines.com/en/system/Blazegraph,Y,,blazegraph/database,0.69,216,blazegraph,database,Blazegraph,blazegraph.com,2006,2019,Y,extended commercial license available,N,0,0,0,0,1,0,0,0,0,0,0,1,0,0,0,0,0,0,0.0,0.0,blazegraph
Yellowbrick,Relational,Relational DBMS,https://db-engines.com/en/system/Yellowbrick,N,,-,0.69,217,-,-,Yellowbrick Data,yellowbrick.com,,,N,,N,0,0,0,0,0,0,0,0,0,0,0,0,1,0,0,0,0,0,0.0,0.0,yellowbrick
Infobright,Relational,Relational DBMS,https://db-engines.com/en/system/Infobright,N,,-,0.68,218,-,-,Ignite Technologies Inc.; formerly InfoBright Inc.,ignitetech.com/softwarelibrary/infobrightdb,2005,,N,The open source (GPLv2) version did not support inserts/updates/deletes and was discontinued with July 2016,N,0,0,0,0,0,0,0,0,0,0,0,0,1,0,0,0,0,0,0.0,0.0,infobright
BigchainDB,Document,Document store,https://db-engines.com/en/system/BigchainDB,Y,,bigchaindb/bigchaindb,0.68,219,bigchaindb,bigchaindb,,www.bigchaindb.com,2016,,Y,AGPL v3,N,0,0,1,0,0,0,0,0,0,0,0,0,0,0,0,0,0,0,0.0,0.0,bigchaindb
Model 204,Multivalue,Multivalue DBMS,https://db-engines.com/en/system/Model+204,N,,-,0.66,220,-,-,,www.rocketsoftware.com/products/rocket-m204,1972,,N,,N,0,0,0,0,0,0,1,0,0,0,0,0,0,0,0,0,0,0,0.0,0.0,model-204
MatrixOne,Relational,Relational DBMS,https://db-engines.com/en/system/MatrixOne,Y,,matrixorigin/matrixone,0.64,221,matrixorigin,matrixone,,www.matrixorigin.io,2021,,Y,Apache Version 2.0,N,0,0,0,0,0,0,0,0,0,0,0,0,1,0,0,0,0,0,0.0,0.0,matrixone
Firebolt,Relational,Relational DBMS,https://db-engines.com/en/system/Firebolt,Y,,firebolt-db/firebolt-python-sdk,0.64,222,firebolt-db,firebolt-python-sdk,Firebolt Analytics Inc.,www.firebolt.io,2020,,N,,Y,0,0,0,0,0,0,0,0,0,0,0,0,1,0,0,0,0,0,0.0,0.0,firebolt
SciDB,Multivalue,Multivalue DBMS,https://db-engines.com/en/system/SciDB,Y,,cran/scidb,0.62,223,cran,scidb,Paradigm4,paradigm4.com,2008,,Y,,N,0,0,0,0,0,0,1,0,0,0,0,0,0,0,0,0,0,0,0.0,0.0,scidb
Apache Sedona,Spatial,Spatial DBMS,https://db-engines.com/en/system/Apache+Sedona,Y,,apache/sedona,0.61,224,apache,sedona,Apache Software Foundation and contributors,sedona.apache.org,2020,,Y,Apache Version 2.0,N,0,0,0,0,0,0,0,0,0,0,0,0,0,0,1,0,0,0,1.0,,apache-sedona
Graph Engine,Graph,"Graph DBMS,Key-value store",https://db-engines.com/en/system/Graph+Engine,Y,,microsoft/GraphEngine,0.61,225,microsoft,GraphEngine,Microsoft,www.graphengine.io,2010,,Y,MIT License,N,0,0,0,0,1,1,0,0,0,0,0,0,0,0,0,0,0,0,0.0,0.0,graph-engine
Alibaba Cloud Log Service,Search Engine,Search engine,https://db-engines.com/en/system/Alibaba+Cloud+Log+Service,N,,-,0.61,226,-,-,AlibabaCloud Inc.,www.alibabacloud.com/product/log-service,2016,,N,,Y,0,0,0,0,0,0,0,0,0,0,0,0,0,1,0,0,0,0,0.0,0.0,alibaba-cloud-log-service
RDF4J,RDF,RDF store,https://db-engines.com/en/system/RDF4J,Y,Y,eclipse/rdf4j,0.6,227,eclipse,rdf4j,"Since 2016 officially forked into an Eclipse project, former developer was Aduna Software.",rdf4j.org,2004,,Y,"Eclipse Distribution License (EDL), v1.0.",N,0,0,0,0,0,0,0,0,0,0,0,1,0,0,0,0,0,0,0.0,0.0,rdf4j
eXist-db,Native XML,Native XML DBMS,https://db-engines.com/en/system/eXist-db,Y,,eXist-db/exist,0.59,228,eXist-db,exist,,exist-db.org,2000,,Y,L-GPL,N,0,0,0,0,0,0,0,1,0,0,0,0,0,0,0,0,0,0,0.0,0.0,exist-db
Alibaba Cloud AnalyticDB for PostgreSQL,Relational,Relational DBMS,https://db-engines.com/en/system/Alibaba+Cloud+AnalyticDB+for+PostgreSQL,N,,-,0.59,229,-,-,Alibaba / Pivotal Software Inc. / PostgreSQL Global Development Group,www.alibabacloud.com/product/hybriddb-postgresql,2016,,N,,Y,0,0,0,0,0,0,0,0,0,0,0,0,1,0,0,0,0,0,0.0,0.0,alibaba-cloud-analyticdb-for-postgresql
Kinetica,Relational,"Relational DBMS,Spatial DBMS,Time Series DBMS",https://db-engines.com/en/system/Kinetica,N,,-,0.59,230,-,-,Kinetica,www.kinetica.com,2012,2021,N,,N,0,0,0,0,0,0,0,0,0,0,0,0,1,0,1,1,0,0,1.0,0.0,kinetica
Datacom/DB,Relational,Relational DBMS,https://db-engines.com/en/system/Datacom%2FDB,N,,-,0.59,231,-,-,Broadcom (formerly CA),www.broadcom.com/products/mainframe/databases-database-mgmt/datacom,1972,,N,,N,0,0,0,0,0,0,0,0,0,0,0,0,1,0,0,0,0,0,0.0,0.0,datacom-db
Actian Vector,Relational,Relational DBMS,https://db-engines.com/en/system/Actian+Vector,N,,-,0.57,232,-,-,,www.actian.com/analytic-database/vector-analytic-database,,2016,N,,N,0,0,0,0,0,0,0,0,0,0,0,0,1,0,0,0,0,0,0.0,0.0,actian-vector
CrateDB,Document,"Document store,Spatial DBMS,Search engine,Time Series DBMS,Vector DBMS,Relational DBMS",https://db-engines.com/en/system/CrateDB,Y,,crate/crate,0.57,233,crate,crate,Crate,cratedb.com,2013,2024,Y,,N,0,0,1,0,0,0,0,0,0,0,0,0,1,1,1,1,1,0,1.0,0.0,cratedb
TypeDB,Graph,"Graph DBMS,Object oriented DBMS,Relational DBMS",https://db-engines.com/en/system/TypeDB,Y,,vaticle/typedb,0.57,234,vaticle,typedb,TypeDB,typedb.com,2016,2025,Y,"GPL Version 3, commercial licenses available",N,0,0,0,0,1,0,0,0,0,0,1,0,1,0,0,0,0,0,0.0,0.0,typedb
R:BASE,Relational,Relational DBMS,https://db-engines.com/en/system/R%3ABASE,N,,-,0.57,235,-,-,,www.rbase.com,1981,,N,,N,0,0,0,0,0,0,0,0,0,0,0,0,1,0,0,0,0,0,0.0,0.0,r-base
SQream DB,Relational,Relational DBMS,https://db-engines.com/en/system/SQream+DB,N,,-,0.56,236,-,-,SQream Technologies,sqream.com,2017,2022,N,,N,0,0,0,0,0,0,0,0,0,0,0,0,1,0,0,0,0,0,0.0,0.0,sqream-db
Dragonfly,Key-value,Key-value store,https://db-engines.com/en/system/Dragonfly,Y,,dragonflydb/dragonfly,0.55,237,dragonflydb,dragonfly,DragonflyDB team and community contributors,"github.com/dragonflydb/dragonfly,www.dragonflydb.io",2023,2023,Y,BSL 1.1,N,0,0,0,0,0,1,0,0,0,0,0,0,0,0,0,0,0,0,0.0,0.0,dragonfly
BoltDB,Key-value,Key-value store,https://db-engines.com/en/system/BoltDB,Y_archivedas_boltdb/bolt,N,boltdb/bolt,0.54,238,boltdb,bolt,,github.com/boltdb/bolt,2013,,Y,MIT License,N,0,0,0,0,0,1,0,0,0,0,0,0,0,0,0,0,0,0,0.0,0.0,boltdb
Splice Machine,Relational,Relational DBMS,https://db-engines.com/en/system/Splice+Machine,Y,,splicemachine/spliceengine,0.54,239,splicemachine,spliceengine,Splice Machine,splicemachine.com,2014,2021,Y,"AGPL 3.0, commercial license available",N,0,0,0,0,0,0,0,0,0,0,0,0,1,0,0,0,0,0,0.0,0.0,splice-machine
Apache Pinot,Relational,Relational DBMS,https://db-engines.com/en/system/Apache+Pinot,Y,N,apache/pinot,0.54,240,apache,pinot,Apache Software Foundation and contributors,pinot.apache.org,2015,2023,Y,Apache Version 2.0,N,0,0,0,0,0,0,0,0,0,0,0,0,1,0,0,0,0,0,0.0,0.0,apache-pinot
Objectivity/DB,Object Oriented,Object oriented DBMS,https://db-engines.com/en/system/Objectivity%2FDB,N,,-,0.53,241,-,-,,objectivity.com/products/objectivitydb,1990,,N,,N,0,0,0,0,0,0,0,0,0,0,1,0,0,0,0,0,0,0,0.0,0.0,objectivity-db
Perst,Object Oriented,Object oriented DBMS,https://db-engines.com/en/system/Perst,Y,,The-Alchemist/perst,0.53,242,The-Alchemist,perst,,www.mcobject.com/perst,2003,,Y,commercial license available,N,0,0,0,0,0,0,0,0,0,0,1,0,0,0,0,0,0,0,0.0,0.0,perst
1010data,Relational,Relational DBMS,https://db-engines.com/en/system/1010data,N,,-,0.52,243,-,-,,www.1010data.com,2000,,N,,N,0,0,0,0,0,0,0,0,0,0,0,0,1,0,0,0,0,0,0.0,0.0,1010data
ObjectDB,Object Oriented,Object oriented DBMS,https://db-engines.com/en/system/ObjectDB,N,,-,0.52,244,-,-,,www.objectdb.com,2010,2024,N,,N,0,0,0,0,0,0,0,0,0,0,1,0,0,0,0,0,0,0,0.0,0.0,objectdb
solidDB,Relational,Relational DBMS,https://db-engines.com/en/system/solidDB,N,,-,0.51,245,-,-,"Unicom Systems, Inc; IBM",teamblue.unicomsi.com/products/soliddb,1992,,N,,N,0,0,0,0,0,0,0,0,0,0,0,0,1,0,0,0,0,0,0.0,0.0,soliddb
DBISAM,Relational,Relational DBMS,https://db-engines.com/en/system/DBISAM,N,,-,0.51,246,-,-,"Elevate Software, Inc.",www.elevatesoft.com/products?category=dbisam,1998,,N,,N,0,0,0,0,0,0,0,0,0,0,0,0,1,0,0,0,0,0,0.0,0.0,dbisam
KairosDB,Time Series,Time Series DBMS,https://db-engines.com/en/system/KairosDB,Y,,kairosdb/kairosdb,0.51,247,kairosdb,kairosdb,,github.com/kairosdb/kairosdb,2013,2018,Y,Apache 2.0,N,0,0,0,0,0,0,0,0,0,0,0,0,0,0,0,1,0,0,0.0,0.0,kairosdb
Northgate Reality,Multivalue,Multivalue DBMS,https://db-engines.com/en/system/Northgate+Reality,N,,-,0.51,248,-,-,,reality.necsws.com,1973,,N,,N,0,0,0,0,0,0,1,0,0,0,0,0,0,0,0,0,0,0,0.0,0.0,northgate-reality
Percona Server for MongoDB,Document,Document store,https://db-engines.com/en/system/Percona+Server+for+MongoDB,Y_replacementfor_MongoDB,N,percona/percona-server-mongodb,0.49,249,percona,percona-server-mongodb,Percona,www.percona.com/mongodb/software/percona-server-for-mongodb,2015,2017,Y,GPL Version 2,N,0,0,1,0,0,0,0,0,0,0,0,0,0,0,0,0,0,0,0.0,0.0,percona-server-for-mongodb
Apache Doris,Relational,Relational DBMS,https://db-engines.com/en/system/Apache+Doris,Y,Y,apache/doris,0.49,250,apache,doris,"Apache Software Foundation, originally contributed from Baidu",doris.apache.org,2017,2026,Y,Apache Version 2.0,N,0,0,0,0,0,0,0,0,0,0,0,0,1,0,0,0,0,0,0.0,0.0,apache-doris
Scalaris,Key-value,Key-value store,https://db-engines.com/en/system/Scalaris,Y,N,scalaris-team/scalaris,0.47,251,scalaris-team,scalaris,,scalaris.zib.de,2010,,Y,Apache Version 2,N,0,0,0,0,0,1,0,0,0,0,0,0,0,0,0,0,0,0,0.0,0.0,scalaris
atoti,Object Oriented,Object oriented DBMS,https://db-engines.com/en/system/atoti,Y_IssueTracking,,atoti/atoti,0.46,252,atoti,atoti,ActiveViam,atoti.io,,,N,free versions available,N,0,0,0,0,0,0,0,0,0,0,1,0,0,0,0,0,0,0,0.0,0.0,atoti
FrontBase,Relational,Relational DBMS,https://db-engines.com/en/system/FrontBase,N,,-,0.46,253,-,-,,www.frontbase.com,1993,2015,N,free licenses,N,0,0,0,0,0,0,0,0,0,0,0,0,1,0,0,0,0,0,0.0,0.0,frontbase
ITTIA,Time Series,"Time Series DBMS,Relational DBMS",https://db-engines.com/en/system/ITTIA,N,,-,0.46,254,-,-,ITTIA L.L.C.,www.ittia.com,2007,,N,,N,0,0,0,0,0,0,0,0,0,0,0,0,1,0,0,1,0,0,0.0,0.0,ittia
Cloudflare Workers KV,Key-value,Key-value store,https://db-engines.com/en/system/Cloudflare+Workers+KV,N,,-,0.44,255,-,-,Cloudflare,www.cloudflare.com/developer-platform/workers-kv,2018,,N,,Y,0,0,0,0,0,1,0,0,0,0,0,0,0,0,0,0,0,0,0.0,0.0,cloudflare-workers-kv
NexusDB,Relational,Relational DBMS,https://db-engines.com/en/system/NexusDB,N,,-,0.44,256,-,-,,www.nexusdb.com,2003,2021,N,,N,0,0,0,0,0,0,0,0,0,0,0,0,1,0,0,0,0,0,0.0,0.0,nexusdb
Kingbase,Relational,"Relational DBMS,Document store,Spatial DBMS",https://db-engines.com/en/system/Kingbase,N,,-,0.43,257,-,-,BeiJing KINGBASE Information technologies inc.,www.kingbase.com.cn,1999,2021,N,,N,0,0,1,0,0,0,0,0,0,0,0,0,1,0,1,0,0,0,1.0,0.0,kingbase
eXtremeDB,Time Series,"Time Series DBMS,Relational DBMS",https://db-engines.com/en/system/eXtremeDB,N,,-,0.43,258,-,-,McObject,www.mcobject.com,2001,2021,N,,N,0,0,0,0,0,0,0,0,0,0,0,0,1,0,0,1,0,0,0.0,0.0,extremedb
Kyligence Enterprise,Relational,Relational DBMS,https://db-engines.com/en/system/Kyligence+Enterprise,N,,-,0.43,259,-,-,"Kyligence, Inc.",kyligence.io/kyligence-enterprise,2016,,N,,N,0,0,0,0,0,0,0,0,0,0,0,0,1,0,0,0,0,0,0.0,0.0,kyligence-enterprise
WebSphere eXtreme Scale,Key-value,Key-value store,https://db-engines.com/en/system/WebSphere+eXtreme+Scale,N,,-,0.42,260,-,-,,www.ibm.com/products/ibm-websphere-extreme-scale,2009,,N,,N,0,0,0,0,0,1,0,0,0,0,0,0,0,0,0,0,0,0,0.0,0.0,websphere-extreme-scale
YDB,Document,"Document store,Relational DBMS",https://db-engines.com/en/system/YDB,Y,N,ydb-platform/ydb,0.42,261,ydb-platform,ydb,Yandex,"github.com/ydb-platform/ydb,ydb.tech",2019,,Y,Apache 2.0; commercial license available,N,0,0,1,0,0,0,0,0,0,0,0,0,1,0,0,0,0,0,0.0,0.0,ydb
Deep Lake,Vector,Vector DBMS,https://db-engines.com/en/system/Deep+Lake,Y,,activeloopai/deeplake,0.42,262,activeloopai,deeplake,Activeloop,"github.com/activeloopai/deeplake,www.activeloop.ai",,,Y,MPL-2.0 license,N,0,0,0,0,0,0,0,0,0,0,0,0,0,0,0,0,1,0,0.0,1.0,deep-lake
MapDB,Key-value,Key-value store,https://db-engines.com/en/system/MapDB,Y,,jankotek/mapdb,0.41,263,jankotek,mapdb,,mapdb.org,2002,,Y,Apache Version 2,N,0,0,0,0,0,1,0,0,0,0,0,0,0,0,0,0,0,0,0.0,0.0,mapdb
ScaleArc,Relational,Relational DBMS,https://db-engines.com/en/system/ScaleArc,N,,-,0.39,264,-,-,Ignite,ignitetech.com/softwarelibrary/scalearc,2009,,N,limited edition free,N,0,0,0,0,0,0,0,0,0,0,0,0,1,0,0,0,0,0,0.0,0.0,scalearc
OpenInsight,Multivalue,Multivalue DBMS,https://db-engines.com/en/system/OpenInsight,N,,-,0.39,265,-,-,Revelation Software,www.revelation.com/index.php/products/openinsight,1992,2018,N,,N,0,0,0,0,0,0,1,0,0,0,0,0,0,0,0,0,0,0,0.0,0.0,openinsight
SQL.JS,Relational,Relational DBMS,https://db-engines.com/en/system/SQL.JS,Y,,sql-js/sql.js,0.38,266,sql-js,sql.js,Alon Zakai,sql.js.org,2012,,Y,,N,0,0,0,0,0,0,0,0,0,0,0,0,1,0,0,0,0,0,0.0,0.0,sqljs
GemStone/S,Object Oriented,Object oriented DBMS,https://db-engines.com/en/system/GemStone%2FS,N,,-,0.37,267,-,-,,gemtalksystems.com,1986,,N,,N,0,0,0,0,0,0,0,0,0,0,1,0,0,0,0,0,0,0,0.0,0.0,gemstone-s
Alibaba Cloud TSDB,Time Series,Time Series DBMS,https://db-engines.com/en/system/Alibaba+Cloud+TSDB,N,,-,0.37,268,-,-,Alibaba,www.alibabacloud.com/product/hitsdb,,,N,,Y,0,0,0,0,0,0,0,0,0,0,0,0,0,0,0,1,0,0,0.0,0.0,alibaba-cloud-tsdb
Elassandra,Wide column,"Wide column store,Search engine",https://db-engines.com/en/system/Elassandra,Y,,strapdata/elassandra,0.37,269,strapdata,elassandra,,github.com/strapdata/elassandra,,,Y,Apache Version 2.0,N,0,0,0,0,0,0,0,0,0,0,0,0,0,1,0,0,0,1,0.0,0.0,elassandra
Hibari,Key-value,Key-value store,https://db-engines.com/en/system/Hibari,Y,,hibari/hibari,0.37,270,hibari,hibari,,github.com/hibari/hibari,2005,,Y,Apache Version 2,N,0,0,0,0,0,1,0,0,0,0,0,0,0,0,0,0,0,0,0.0,0.0,hibari
Comdb2,Relational,Relational DBMS,https://db-engines.com/en/system/Comdb2,Y,,bloomberg/comdb2,0.35,271,bloomberg,comdb2,Bloomberg Finance L.P.,github.com/bloomberg/comdb2,2004,,Y,Apache 2.0,N,0,0,0,0,0,0,0,0,0,0,0,0,1,0,0,0,0,0,0.0,0.0,comdb2
Marqo,Search Engine,Search engine,https://db-engines.com/en/system/Marqo,Y,,marqo-ai/marqo,0.34,272,marqo-ai,marqo,,"github.com/marqo-ai/marqo,www.marqo.ai",2022,,Y,Apache Version 2.0,Y,0,0,0,0,0,0,0,0,0,0,0,0,0,1,0,0,0,0,0.0,0.0,marqo
LokiJS,Document,Document store,https://db-engines.com/en/system/LokiJS,Y,,techfort/LokiJS,0.33,273,techfort,LokiJS,,github.com/techfort/LokiJS,2014,,Y,,N,0,0,1,0,0,0,0,0,0,0,0,0,0,0,0,0,0,0,0.0,0.0,lokijs
CnosDB,Time Series,Time Series DBMS,https://db-engines.com/en/system/CnosDB,Y,,cnosdb/cnosdb,0.33,274,cnosdb,cnosdb,,"github.com/cnosdb/cnosdb,www.cnosdb.com",2022,2023,Y,AGPL 3.0,N,0,0,0,0,0,0,0,0,0,0,0,0,0,0,0,1,0,0,0.0,0.0,cnosdb
Harper,Document,Document store,https://db-engines.com/en/system/Harper,,,,0.33,275,,,HarperDB,www.harpersystems.dev,2017,2021,N,free community edition available,N,0,0,1,0,0,0,0,0,0,0,0,0,0,0,0,0,0,0,,,harper
VistaDB,Relational,Relational DBMS,https://db-engines.com/en/system/VistaDB,N,,-,0.32,276,-,-,Gibraltar Software,vistadb.com,2008,,N,,N,0,0,0,0,0,0,0,0,0,0,0,0,1,0,0,0,0,0,0.0,0.0,vistadb
AlaSQL,Document,"Document store,Relational DBMS",https://db-engines.com/en/system/AlaSQL,Y,,AlaSQL/alasql,0.32,277,AlaSQL,alasql,Andrey Gershun & Mathias R. Wulff,alasql.org,2014,,Y,MIT-License,N,0,0,1,0,0,0,0,0,0,0,0,0,1,0,0,0,0,0,0.0,0.0,alasql
Actian PSQL,Relational,Relational DBMS,https://db-engines.com/en/system/Actian+PSQL,N,,-,0.32,278,-,-,,www.actian.com/data-management/psql-embedded-database,1982,2021,N,,N,0,0,0,0,0,0,0,0,0,0,0,0,1,0,0,0,0,0,0.0,0.0,actian-psql
RaptorDB,Document,Document store,https://db-engines.com/en/system/RaptorDB,Y,,mgholam/RaptorDB-Document,0.32,279,mgholam,RaptorDB-Document,,github.com/mgholam/RaptorDB-Document,,,Y,Apache Version 2,N,0,0,1,0,0,0,0,0,0,0,0,0,0,0,0,0,0,0,0.0,0.0,raptordb
Mulgara,RDF,RDF store,https://db-engines.com/en/system/Mulgara,Y,,quoll/mulgara,0.31,280,quoll,mulgara,,www.mulgara.org,2006,2012,Y,Apache Version 2,N,0,0,0,0,0,0,0,0,0,0,0,1,0,0,0,0,0,0,0.0,0.0,mulgara
SearchBlox,Search Engine,Search engine,https://db-engines.com/en/system/SearchBlox,N,,-,0.31,281,-,-,,www.searchblox.com,2003,,N,,N,0,0,0,0,0,0,0,0,0,0,0,0,0,1,0,0,0,0,0.0,0.0,searchblox
Mimer SQL,Relational,Relational DBMS,https://db-engines.com/en/system/Mimer+SQL,N,,-,0.3,282,-,-,,www.mimer.com,1977,2024,N,,N,0,0,0,0,0,0,0,0,0,0,0,0,1,0,0,0,0,0,0.0,0.0,mimer-sql
Sequoiadb,Document,"Document store,Relational DBMS",https://db-engines.com/en/system/Sequoiadb,Y,,SequoiaDB/SequoiaDB,0.29,283,SequoiaDB,SequoiaDB,Sequoiadb Ltd.,www.sequoiadb.com,2013,,Y,Server: AGPL; Client: Apache V2,N,0,0,1,0,0,0,0,0,0,0,0,0,1,0,0,0,0,0,0.0,0.0,sequoiadb
Starcounter,Object Oriented,Object oriented DBMS,https://db-engines.com/en/system/Starcounter,N,,-,0.29,284,-,-,,starcounter.com,2006,2018,N,,N,0,0,0,0,0,0,0,0,0,0,1,0,0,0,0,0,0,0,0.0,0.0,starcounter
FalkorDB,Graph,Graph DBMS,https://db-engines.com/en/system/FalkorDB,,,,0.28,285,,,FalkorDB Ltd,www.falkordb.com,2023,,open source (ssplv1),,no (falkordb is available as falkor cloud),0,0,0,0,1,0,0,0,0,0,0,0,0,0,0,0,0,0,,,falkordb
Rasdaman,Multivalue,Multivalue DBMS,https://db-engines.com/en/system/Rasdaman,Y,,dioptre/rasdaman,0.28,286,dioptre,rasdaman,,www.rasdaman.org,1998,2019,Y,extended commercial license available,N,0,0,0,0,0,0,1,0,0,0,0,0,0,0,0,0,0,0,0.0,0.0,rasdaman
Fluree,Graph,Graph DBMS,https://db-engines.com/en/system/Fluree,Y,,fluree/db,0.28,287,fluree,db,"Fluree, PBC",flur.ee,2018,,Y,open-sourced in October 2020,N,0,0,0,0,1,0,0,0,0,0,0,0,0,0,0,0,0,0,0.0,0.0,fluree
Postgres-XL,Relational,"Relational DBMS,Document store,Spatial DBMS",https://db-engines.com/en/system/Postgres-XL,Y,,Postgres-XL/Postgres-XL,0.27,288,Postgres-XL,Postgres-XL,,www.postgres-xl.org,2014,2018,Y,Mozilla public license,N,0,0,1,0,0,0,0,0,0,0,0,0,1,0,1,0,0,0,1.0,0.0,postgres-xl
Databend,Relational,Relational DBMS,https://db-engines.com/en/system/Databend,Y,,datafuselabs/databend,0.27,289,datafuselabs,databend,Databend Labs,"github.com/databendlabs/databend,www.databend.com",2021,2026,Y,Apache Version 2.0,N,0,0,0,0,0,0,0,0,0,0,0,0,1,0,0,0,0,0,0.0,0.0,databend
ArcadeDB,Document,"Document store,Graph DBMS,Key-value store,Search engine,Time Series DBMS,Vector DBMS",https://db-engines.com/en/system/ArcadeDB,Y,,ArcadeData/arcadedb,0.27,290,ArcadeData,arcadedb,Arcade Data,arcadedb.com,2021,2026,Y,Apache Version 2.0,N,0,0,1,0,1,1,0,0,0,0,0,0,0,1,0,1,1,0,0.0,0.0,arcadedb
Strabon,RDF,RDF store,https://db-engines.com/en/system/Strabon,Y,,esarbanis/strabon,0.26,291,esarbanis,strabon,,strabon.di.uoa.gr,2011,,Y,Mozilla public license,N,0,0,0,0,0,0,0,0,0,0,0,1,0,0,0,0,0,0,0.0,0.0,strabon
InfiniteGraph,Graph,Graph DBMS,https://db-engines.com/en/system/InfiniteGraph,N,,-,0.26,292,-,-,,objectivity.com/infinitegraph,2010,,N,,N,0,0,0,0,1,0,0,0,0,0,0,0,0,0,0,0,0,0,0.0,0.0,infinitegraph
Brytlyt,Relational,Relational DBMS,https://db-engines.com/en/system/Brytlyt,N,,-,0.25,293,-,-,Brytlyt,brytlyt.io,2016,2023,N,,N,0,0,0,0,0,0,0,0,0,0,0,0,1,0,0,0,0,0,0.0,0.0,brytlyt
Kyoto Tycoon,Key-value,Key-value store,https://db-engines.com/en/system/Kyoto+Tycoon,Y,,AlticeLabsProjects/kyoto,0.24,294,AlticeLabsProjects,kyoto,,dbmx.net//kyototycoon,2009,,Y,GPL,N,0,0,0,0,0,1,0,0,0,0,0,0,0,0,0,0,0,0,0.0,0.0,kyoto-tycoon
FeatureBase,Relational,Relational DBMS,https://db-engines.com/en/system/FeatureBase,Y_CommunityEdition,,featurebasedb/featurebase,0.24,295,featurebasedb,featurebase,Molecula and Pilosa Open Source Contributors,www.featurebase.com,2017,2022,N,,N,0,0,0,0,0,0,0,0,0,0,0,0,1,0,0,0,0,0,0.0,0.0,featurebase
RedStore,RDF,RDF store,https://db-engines.com/en/system/RedStore,Y,,njh/redstore,0.23,296,njh,redstore,,www.aelius.com/njh/redstore,2009,,Y,GPLv3,N,0,0,0,0,0,0,0,0,0,0,0,1,0,0,0,0,0,0,0.0,0.0,redstore
Fujitsu Enterprise Postgres,Relational,"Relational DBMS,Document store,Spatial DBMS",https://db-engines.com/en/system/Fujitsu+Enterprise+Postgres,N,,-,0.23,297,-,-,Fujitsu Limited,www.postgres.global.fujitsu.com,,2024,N,,N,0,0,1,0,0,0,0,0,0,0,0,0,1,0,1,0,0,0,1.0,0.0,fujitsu-enterprise-postgres
Manticore Search,Search Engine,"Search engine,Time Series DBMS",https://db-engines.com/en/system/Manticore+Search,Y,,manticoresoftware/manticoresearch,0.23,298,manticoresoftware,manticoresearch,Manticore Software,manticoresearch.com,2017,2023,Y,GPL version 2,N,0,0,0,0,0,0,0,0,0,0,0,0,0,1,0,1,0,0,0.0,0.0,manticore-search
Project Voldemort,Key-value,Key-value store,https://db-engines.com/en/system/Project+Voldemort,Y,,voldemort/voldemort,0.23,299,voldemort,voldemort,,www.project-voldemort.com,2009,2017,Y,Apache version 2,N,0,0,0,0,0,1,0,0,0,0,0,0,0,0,0,0,0,0,0.0,0.0,project-voldemort
Tokyo Tyrant,Key-value,Key-value store,https://db-engines.com/en/system/Tokyo+Tyrant,Y,,hthetiot/Tokyo-Tyrant,0.22,300,hthetiot,Tokyo-Tyrant,Mikio  Hirabayashi,fallabs.com/tokyotyrant/,2007,,Y,GPL,N,0,0,0,0,0,1,0,0,0,0,0,0,0,0,0,0,0,0,0.0,0.0,tokyo-tyrant
Vald,Vector,Vector DBMS,https://db-engines.com/en/system/Vald,Y,,vdaas/vald,0.22,301,vdaas,vald,,vald.vdaas.org,,,Y,Apache-2.0 license,N,0,0,0,0,0,0,0,0,0,0,0,0,0,0,0,0,1,0,0.0,1.0,vald
PieCloudDB,Relational,Relational DBMS,https://db-engines.com/en/system/PieCloudDB,N,,-,0.22,302,-,-,OpenPie,www.openpie.com,,2023,N,,Y,0,0,0,0,0,0,0,0,0,0,0,0,1,0,0,0,0,0,0.0,0.0,pieclouddb
XTDB,Document,Document store,https://db-engines.com/en/system/XTDB,Y,,xtdb/xtdb,0.22,303,xtdb,xtdb,Juxt Ltd.,"github.com/xtdb/xtdb,www.xtdb.com",2019,2021,Y,MIT License,N,0,0,1,0,0,0,0,0,0,0,0,0,0,0,0,0,0,0,0.0,0.0,xtdb
ModeShape,Content,Content stores,https://db-engines.com/en/system/ModeShape,Y,,ModeShape/modeshape,0.22,304,ModeShape,modeshape,,modeshape.jboss.org,2010,,Y,Apache Version 2,N,0,1,0,0,0,0,0,0,0,0,0,0,0,0,0,0,0,0,0.0,0.0,modeshape
Actian FastObjects,Object Oriented,Object oriented DBMS,https://db-engines.com/en/system/Actian+FastObjects,N,,-,0.22,305,-,-,Actian,esd.actian.com/product/Versant_FastObjects,,,N,,N,0,0,0,0,0,0,0,0,0,0,1,0,0,0,0,0,0,0,0.0,0.0,actian-fastobjects
LeanXcale,Key-value,"Key-value store,Relational DBMS",https://db-engines.com/en/system/LeanXcale,N,,-,0.21,306,-,-,LeanXcale,www.leanxcale.com,2015,,N,,N,0,0,0,0,0,1,0,0,0,0,0,0,1,0,0,0,0,0,0.0,0.0,leanxcale
YTsaurus,Document,"Document store,Key-value store",https://db-engines.com/en/system/YTsaurus,Y,,ytsaurus/ytsaurus,0.21,307,ytsaurus,ytsaurus,Yandex,ytsaurus.tech,2023,,Y,"Apache License, Version 2.0",N,0,0,1,0,0,1,0,0,0,0,0,0,0,0,0,0,0,0,0.0,0.0,ytsaurus
RDFox,Graph,"Graph DBMS,RDF store,Relational DBMS",https://db-engines.com/en/system/RDFox,N,,-,0.2,308,-,-,Oxford Semantic Technologies,www.oxfordsemantic.tech,2017,2022,N,,N,0,0,0,0,1,0,0,0,0,0,0,1,1,0,0,0,0,0,0.0,0.0,rdfox
OpenQM,Multivalue,Multivalue DBMS,https://db-engines.com/en/system/OpenQM,Y,,gregjurman/openqm,0.2,309,gregjurman,openqm,"Rocket Software, originally Martin Phillips",www.rocketsoftware.com/products/rocket-multivalue-application-development-platform/rocket-open-qm,1993,,Y,"GPLv2, extended commercial license available",N,0,0,0,0,0,0,1,0,0,0,0,0,0,0,0,0,0,0,0.0,0.0,openqm
PipelineDB,Relational,Relational DBMS,https://db-engines.com/en/system/PipelineDB,Y,,pipelinedb/pipelinedb,0.19,310,pipelinedb,pipelinedb,,github.com/pipelinedb/pipelinedb,2015,,Y,"BSD, GPL V3",N,0,0,0,0,0,0,0,0,0,0,0,0,1,0,0,0,0,0,0.0,0.0,pipelinedb
MyScale,Relational,"Relational DBMS,Vector DBMS",https://db-engines.com/en/system/MyScale,N,,-,0.19,311,-,-,,myscale.com,2022,,N,,Y,0,0,0,0,0,0,0,0,0,0,0,0,1,0,0,0,1,0,0.0,1.0,myscale
NEventStore,Event,Event Store,https://db-engines.com/en/system/NEventStore,Y,,NEventStore/NEventStore,0.19,312,NEventStore,NEventStore,,neventstore.org,2011,,Y,MIT-License,N,0,0,0,1,0,0,0,0,0,0,0,0,0,0,0,0,0,0,0.0,0.0,neventstore
4store,RDF,RDF store,https://db-engines.com/en/system/4store,Y,,4store/4store,0.19,313,4store,4store,,github.com/4store/4store,2009,,Y,GPLv3,N,0,0,0,0,0,0,0,0,0,0,0,1,0,0,0,0,0,0,0.0,0.0,4store
Axibase,Time Series,Time Series DBMS,https://db-engines.com/en/system/Axibase,N,,-,0.18,314,-,-,Axibase Corporation,axibase.com/docs/atsd/finance,2013,1558,N,"Community Edition (single node) is free, Enterprise Edition (distributed) is paid",N,0,0,0,0,0,0,0,0,0,0,0,0,0,0,0,1,0,0,0.0,0.0,axibase
YottaDB,Key-value,"Key-value store,Relational DBMS",https://db-engines.com/en/system/YottaDB,Y,,YottaDB/YDB,0.18,315,YottaDB,YDB,"YottaDB, LLC",yottadb.com,2001,,Y,AGPL 3.0,N,0,0,0,0,0,1,0,0,0,0,0,0,1,0,0,0,0,0,0.0,,yottadb
TransLattice,Relational,Relational DBMS,https://db-engines.com/en/system/TransLattice,N,,-,0.18,316,-,-,,www.translattice.com,2007,,N,,N,0,0,0,0,0,0,0,0,0,0,0,0,1,0,0,0,0,0,0.0,0.0,translattice
Warp 10,Time Series,Time Series DBMS,https://db-engines.com/en/system/Warp+10,Y,,senx/warp10-platform,0.17,317,senx,warp10-platform,SenX,www.warp10.io,2015,,Y,Apache License 2.0,N,0,0,0,0,0,0,0,0,0,0,0,0,0,0,0,1,0,0,0.0,0.0,warp-10
Immudb,Key-value,"Key-value store,Relational DBMS",https://db-engines.com/en/system/Immudb,Y,,codenotary/immudb,0.17,318,codenotary,immudb,Codenotary,"github.com/codenotary/immudb,immudb.io",2020,2022,Y,Apache Version 2.0,N,0,0,0,0,0,1,0,0,0,0,0,0,1,0,0,0,0,0,0.0,0.0,immudb
Raima Database Manager,Relational,"Relational DBMS,Time Series DBMS",https://db-engines.com/en/system/Raima+Database+Manager,N,,-,0.16,319,-,-,Raima Inc.,raima.com,1984,2021,N,,N,0,0,0,0,0,0,0,0,0,0,0,0,1,0,0,1,0,0,0.0,0.0,raima-database-manager
OrigoDB,Document,"Document store,Object oriented DBMS",https://db-engines.com/en/system/OrigoDB,Y,,DevrexLabs/OrigoDB,0.16,320,DevrexLabs,OrigoDB,Robert Friberg et al,origodb.com,2009,,Y,,N,0,0,1,0,0,0,0,0,0,0,1,0,0,0,0,0,0,0,0.0,0.0,origodb
AnzoGraph DB,Graph,"Graph DBMS,RDF store",https://db-engines.com/en/system/AnzoGraph+DB,N,,-,0.15,321,-,-,Cambridge Semantics,cambridgesemantics.com/anzograph,2018,2021,N,free trial version available,N,0,0,0,0,1,0,0,0,0,0,0,1,0,0,0,0,0,0,0.0,0.0,anzograph-db
BigObject,Relational,Relational DBMS,https://db-engines.com/en/system/BigObject,N,,-,0.15,322,-,-,"BigObject, Inc.",bigobject.io,2015,,N,free community edition available,N,0,0,0,0,0,0,0,0,0,0,0,0,1,0,0,0,0,0,0.0,0.0,bigobject
XtremeData,Relational,Relational DBMS,https://db-engines.com/en/system/XtremeData,N,,-,0.15,323,-,-,,www.xtremedata.com,,,N,limited edition free,N,0,0,0,0,0,0,0,0,0,0,0,0,1,0,0,0,0,0,0.0,0.0,xtremedata
Faircom DB,Key-value,"Key-value store,Relational DBMS",https://db-engines.com/en/system/Faircom+DB,N,,-,0.14,324,-,-,FairCom Corporation,www.faircom.com/products/faircom-db,1979,2024,N,"Restricted, free version available",N,0,0,0,0,0,1,0,0,0,0,0,0,1,0,0,0,0,0,0.0,0.0,faircom-db
EsgynDB,Relational,Relational DBMS,https://db-engines.com/en/system/EsgynDB,N,,-,0.14,325,-,-,Esgyn,www.esgyn.cn,2015,,N,,N,0,0,0,0,0,0,0,0,0,0,0,0,1,0,0,0,0,0,0.0,0.0,esgyndb
ElevateDB,Relational,Relational DBMS,https://db-engines.com/en/system/ElevateDB,N,,-,0.14,326,-,-,"Elevate Software, Inc.",www.elevatesoft.com/products?category=edb,2006,,N,,N,0,0,0,0,0,0,0,0,0,0,0,0,1,0,0,0,0,0,0.0,0.0,elevatedb
Tibco ComputeDB,Relational,Relational DBMS,https://db-engines.com/en/system/Tibco+ComputeDB,Y_NotGitHub-release_community.tibco.com/s/article/TIBCO-Graph-Database-Releases,Y,-,0.14,327,-,-,Tibco,edelivery.tibco.com/storefront/eval/tibco-computedb-enterprise-edition/prod12074.html,2015,,Y,Apache 2.0,N,0,0,0,0,0,0,0,0,0,0,0,0,1,0,0,0,0,0,0.0,0.0,tibco-computedb
Apache HugeGraph,Graph,Graph DBMS,https://db-engines.com/en/system/Apache+HugeGraph,,,,0.13,328,,,Baidu,"github.com/hugegraph,hugegraph.apache.org",2018,,Y,Apache Version 2.0,N,0,0,0,0,1,0,0,0,0,0,0,0,0,0,0,0,0,0,,,apache-hugegraph
Tajo,Relational,Relational DBMS,https://db-engines.com/en/system/Tajo,Y_archivedas_apache/tajo,N,apache/tajo,0.13,329,apache,tajo,Apache Software Foundation,tajo.apache.org,2012,,Y,Apache Version 2,N,0,0,0,0,0,0,0,0,0,0,0,0,1,0,0,0,0,0,0.0,0.0,tajo
GreptimeDB,Time Series,"Time Series,Observability,Time Series DBMS",https://db-engines.com/en/system/GreptimeDB,Y,,GreptimeTeam/greptimedb,0.12,330,GreptimeTeam,GreptimeTeam/greptimedb,Greptime Inc.,greptime.com,2022,,Y,Apache Version 2.0,N,0,0,0,0,0,0,0,0,0,0,0,0,0,0,0,1,0,0,0.0,0.0,greptimedb
Redland,RDF,RDF store,https://db-engines.com/en/system/Redland,Y,,dajobe/librdf,0.12,331,dajobe,librdf,,librdf.org,2000,,Y,"Multi License (LGPL, GPLv2, Apache V2)",N,0,0,0,0,0,0,0,0,0,0,0,1,0,0,0,0,0,0,0.0,0.0,redland
Ultipa,Graph,Graph DBMS,https://db-engines.com/en/system/Ultipa,N,,-,0.12,332,-,-,Ultipa,www.ultipa.com,2019,,N,,N,0,0,0,0,1,0,0,0,0,0,0,0,0,0,0,0,0,0,0.0,0.0,ultipa
Quasardb,Relational,"Relational DBMS,Time Series DBMS",https://db-engines.com/en/system/Quasardb,N,,-,0.12,333,-,-,Quasar AI,quasar.ai,2009,2026,N,"Free community edition, Non-profit organizations and non-commercial usage are eligible for free licenses",N,0,0,0,0,0,0,0,0,0,0,0,0,1,0,0,1,0,0,0.0,0.0,quasardb
IBM Db2 Event Store,Event,"Event Store,Time Series DBMS",https://db-engines.com/en/system/IBM+Db2+Event+Store,N,,-,0.12,334,-,-,IBM,www.ibm.com/products/db2-event-store,2017,,N,free developer edition available,N,0,0,0,1,0,0,0,0,0,0,0,0,0,0,0,1,0,0,0.0,0.0,ibm-db2-event-store
chDB,Relational,"Relational DBMS,Time Series DBMS",https://db-engines.com/en/system/chDB,,,,0.12,335,,,,github.com/chdb-io/chdb,2023,,Y,Apache Version 2.0,N,0,0,0,0,0,0,0,0,0,0,0,0,1,0,0,1,0,0,,,chdb
Riak TS,Time Series,Time Series DBMS,https://db-engines.com/en/system/Riak+TS,N,,-,0.11,336,-,-,"Open Source, formerly Basho Technologies",,2015,2022,Y,,N,0,0,0,0,0,0,0,0,0,0,0,0,0,0,0,1,0,0,0.0,0.0,riak-ts
Linter,Relational,"Relational DBMS,Spatial DBMS",https://db-engines.com/en/system/Linter,N,,-,0.11,337,-,-,relex.ru,linter.ru,1990,,N,,N,0,0,0,0,0,0,0,0,0,0,0,0,1,0,1,0,0,0,1.0,0.0,linter
HyperGraphDB,Graph,Graph DBMS,https://db-engines.com/en/system/HyperGraphDB,Y,,hypergraphdb/hypergraphdb,0.11,338,hypergraphdb,hypergraphdb,,hypergraphdb.org,2007,,Y,L-GPL,N,0,0,0,0,1,0,0,0,0,0,0,0,0,0,0,0,0,0,0.0,0.0,hypergraphdb
Lovefield,Relational,Relational DBMS,https://db-engines.com/en/system/Lovefield,Y,,google/lovefield,0.11,339,google,lovefield,Google,google.github.io/lovefield,2014,2017,Y,Apache 2.0,N,0,0,0,0,0,0,0,0,0,0,0,0,1,0,0,0,0,0,0.0,0.0,lovefield
AgensGraph,Graph,"Graph DBMS,Relational DBMS",https://db-engines.com/en/system/AgensGraph,Y,Y,bitnine-oss/agensgraph,0.1,340,bitnine-oss,agensgraph,Bitnine Global Inc.,bitnine.net/agensgraph,2016,2018,Y,Apache License 2.0,N,0,0,0,0,1,0,0,0,0,0,0,0,1,0,0,0,0,0,0.0,0.0,agensgraph
Speedb,Key-value,Key-value store,https://db-engines.com/en/system/Speedb,Y,,speedb-io/speedb,0.1,341,speedb-io,speedb,Speedb,www.speedb.io,2020,,Y,Apache Version 2.0; commercial license available,N,0,0,0,0,0,1,0,0,0,0,0,0,0,0,0,0,0,0,0.0,0.0,speedb
Sparksee,Graph,Graph DBMS,https://db-engines.com/en/system/Sparksee,N,,-,0.1,342,-,-,,www.sparsity-technologies.com,2008,2021,N,,N,0,0,0,0,1,0,0,0,0,0,0,0,0,0,0,0,0,0,0.0,0.0,sparksee
TerminusDB,Graph,"Graph DBMS,Document store,RDF store",https://db-engines.com/en/system/TerminusDB,Y,,terminusdb/terminusdb,0.1,343,terminusdb,terminusdb,DataChemist Ltd.,terminusdb.com,2018,2023,Y,GPL V3,N,0,0,1,0,1,0,0,0,0,0,0,1,0,0,0,0,0,0,0.0,0.0,terminusdb
Bangdb,Document,"Document store,Graph DBMS,Time Series DBMS,Spatial DBMS",https://db-engines.com/en/system/Bangdb,Y,,sachin-sinha/BangDB,0.08,344,sachin-sinha,BangDB,"Sachin Sinha, BangDB",bangdb.com,2012,2021,Y,BSD 3,N,0,0,1,0,1,0,0,0,0,0,0,0,0,0,1,1,0,0,1.0,0.0,bangdb
Badger,Key-value,Key-value store,https://db-engines.com/en/system/Badger,Y,,dgraph-io/badger,0.08,345,dgraph-io,badger,DGraph Labs,github.com/dgraph-io/badger,2017,,Y,Apache 2.0,N,0,0,0,0,0,1,0,0,0,0,0,0,0,0,0,0,0,0,0.0,0.0,badger
FlockDB,Graph,Graph DBMS,https://db-engines.com/en/system/FlockDB,Y_archivedas_twitter-archive/flockdb,Y,twitter-archive/flockdb,0.08,346,twitter-archive,flockdb,Twitter,github.com/twitter-archive/flockdb,2010,2012,Y,Apache Version 2,N,0,0,0,0,1,0,0,0,0,0,0,0,0,0,0,0,0,0,0.0,0.0,flockdb
Exorbyte,Search Engine,Search engine,https://db-engines.com/en/system/Exorbyte,N,,-,0.08,347,-,-,,www.exorbyte.com,2000,,N,,N,0,0,0,0,0,0,0,0,0,0,0,0,0,1,0,0,0,0,0.0,0.0,exorbyte
SiteWhere,Time Series,Time Series DBMS,https://db-engines.com/en/system/SiteWhere,Y,,sitewhere/sitewhere,0.07,348,sitewhere,sitewhere,SiteWhere,github.com/sitewhere/sitewhere,2010,,Y,Common Public Attribution License Version 1.0,N,0,0,0,0,0,0,0,0,0,0,0,0,0,0,0,1,0,0,0.0,0.0,sitewhere
ScaleOut StateServer,Key-value,Key-value store,https://db-engines.com/en/system/ScaleOut+StateServer,N,,-,0.07,349,-,-,,www.scaleoutsoftware.com/products/stateserver,2005,,N,,N,0,0,0,0,0,1,0,0,0,0,0,0,0,0,0,0,0,0,0.0,0.0,scaleout-stateserver
CubicWeb,RDF,RDF store,https://db-engines.com/en/system/CubicWeb,Y_NotGithub-gitlabsite_forge.extranet.logilab.fr/cubicweb/cubicweb,N,-,0.07,350,-,-,Logilab,www.cubicweb.org,2001,2021,Y,L-GPL,N,0,0,0,0,0,0,0,0,0,0,0,1,0,0,0,0,0,0,0.0,0.0,cubicweb
Valentina Server,Relational,Relational DBMS,https://db-engines.com/en/system/Valentina+Server,N,,-,0.06,351,-,-,Paradigma Software,www.valentina-db.net,1999,,N,,N,0,0,0,0,0,0,0,0,0,0,0,0,1,0,0,0,0,0,0.0,0.0,valentina-server
GraphBase,Graph,Graph DBMS,https://db-engines.com/en/system/GraphBase,N,,-,0.06,352,-,-,,graphbase.ai,,,N,,N,0,0,0,0,1,0,0,0,0,0,0,0,0,0,0,0,0,0,0.0,0.0,graphbase
EJDB,Document,Document store,https://db-engines.com/en/system/EJDB,Y,,Softmotions/ejdb,0.06,353,Softmotions,ejdb,Softmotions,github.com/Softmotions/ejdb,2012,,Y,GPLv2,N,0,0,1,0,0,0,0,0,0,0,0,0,0,0,0,0,0,0,0.0,0.0,ejdb
Blueflood,Time Series,Time Series DBMS,https://db-engines.com/en/system/Blueflood,Y,,rackerlabs/blueflood,0.06,354,rackerlabs,blueflood,Rackspace,blueflood.io,2013,,Y,Apache 2.0,N,0,0,0,0,0,0,0,0,0,0,0,0,0,0,0,1,0,0,0.0,0.0,blueflood
Elliptics,Key-value,Key-value store,https://db-engines.com/en/system/Elliptics,Y,,reverbrain/elliptics,0.06,354,reverbrain,elliptics,,github.com/reverbrain/elliptics,2009,,Y,,N,0,0,0,0,0,1,0,0,0,0,0,0,0,0,0,0,0,0,0.0,0.0,elliptics
Alibaba Cloud Table Store,Wide column,Wide column store,https://db-engines.com/en/system/Alibaba+Cloud+Table+Store,N,,-,0.06,356,-,-,Alibaba,www.alibabacloud.com/product/table-store,2016,,N,,Y,0,0,0,0,0,0,0,0,0,0,0,0,0,0,0,0,0,1,0.0,0.0,alibaba-cloud-table-store
Kuzu,Graph,Graph DBMS,https://db-engines.com/en/system/Kuzu,,,,0.06,357,,,,kuzudb.com,2022,2025,Y,MIT license,N,0,0,0,0,1,0,0,0,0,0,0,0,0,0,0,0,0,0,,,kuzu
SenseiDB,Document,Document store,https://db-engines.com/en/system/SenseiDB,Y_archivedas_LinkedInAttic/sensei,N,LinkedInAttic/sensei,0.05,358,LinkedInAttic,sensei,,senseidb.github.io/sensei,2010,,Y,Apache Version 2,N,0,0,1,0,0,0,0,0,0,0,0,0,0,0,0,0,0,0,0.0,0.0,senseidb
VictoriaLogs,Search Engine,Search engine,https://db-engines.com/en/system/VictoriaLogs,,,,0.04,359,,,VictoriaMetrics,victoriametrics.com/products/victorialogs,2024,,open source apache license 2.0,,N,0,0,0,0,0,0,0,0,0,0,0,0,0,1,0,0,0,0,,,victorialogs
Indica,Search Engine,Search engine,https://db-engines.com/en/system/Indica,N,,-,0.04,360,-,-,,indica.nl,2014,,N,parts of it are open source,N,0,0,0,0,0,0,0,0,0,0,0,0,0,1,0,0,0,0,0.0,0.0,indica
Forge (IRONdb),Time Series,Time Series DBMS,https://db-engines.com/en/system/Forge+%28IRONdb%29,,,,0.04,361,,,Apica,www.apica.io/forge,2017,2025,N,,N,0,0,0,0,0,0,0,0,0,0,0,0,0,0,0,1,0,0,,,forge-irondb
Machbase Neo,Time Series,Time Series DBMS,https://db-engines.com/en/system/Machbase+Neo,Y,,machbase/neo-server,0.04,361,machbase,neo-server,Machbase,machbase.com,2013,2023,N,free test version available,N,0,0,0,0,0,0,0,0,0,0,0,0,0,0,0,1,0,0,0.0,0.0,machbase-neo
NosDB,Document,Document store,https://db-engines.com/en/system/NosDB,Y,,Alachisoft/NosDB,0.04,361,Alachisoft,NosDB,Alachisoft,www.alachisoft.com/nosdb,2016,,Y,Professional and Enterprise Versions available,N,0,0,1,0,0,0,0,0,0,0,0,0,0,0,0,0,0,0,0.0,0.0,nosdb
STSdb,Key-value,Key-value store,https://db-engines.com/en/system/STSdb,Y,,STSSoft/STSdb4,0.04,361,STSSoft,STSdb4,STS Soft SC,github.com/STSSoft/STSdb4,2011,2015,Y,"GPLv2, commercial license available",N,0,0,0,0,0,1,0,0,0,0,0,0,0,0,0,0,0,0,0.0,0.0,stsdb
WakandaDB,Object Oriented,Object oriented DBMS,https://db-engines.com/en/system/WakandaDB,N_commercial,Y,-,0.03,365,-,-,Wakanda SAS,wakanda.github.io,2012,2019,Y,"AGPLv3, extended commercial license available",N,0,0,0,0,0,0,0,0,0,0,1,0,0,0,0,0,0,0,0.0,0.0,wakandadb
Sadas Engine,Relational,Relational DBMS,https://db-engines.com/en/system/Sadas+Engine,N,,-,0.03,366,-,-,SADAS s.r.l.,www.sadasengine.com,2006,,N,free trial version available,N,0,0,0,0,0,0,0,0,0,0,0,0,1,0,0,0,0,0,0.0,0.0,sadas-engine
Jade,Object Oriented,Object oriented DBMS,https://db-engines.com/en/system/Jade,N,,-,0.03,367,-,-,,www.jadeworld.com/developer-center,1996,,N,,N,0,0,0,0,0,0,0,0,0,0,1,0,0,0,0,0,0,0,0.0,0.0,jade
JethroData,Relational,Relational DBMS,https://db-engines.com/en/system/JethroData,N,,-,0.03,368,-,-,JethroData,jethro.io,2013,,N,,N,0,0,0,0,0,0,0,0,0,0,0,0,1,0,0,0,0,0,0.0,0.0,jethrodata
Heroic,Time Series,Time Series DBMS,https://db-engines.com/en/system/Heroic,Y_archivedas_spotify/heroic,N,spotify/heroic,0.02,369,spotify,heroic,Spotify,github.com/spotify/heroic,2014,,Y,Apache 2.0,N,0,0,0,0,0,0,0,0,0,0,0,0,0,0,0,1,0,0,0.0,0.0,heroic
Hawkular Metrics,Time Series,Time Series DBMS,https://db-engines.com/en/system/Hawkular+Metrics,Y,,hawkular/hawkular-metrics,0.02,370,hawkular,hawkular-metrics,Community supported by Red Hat,www.hawkular.org,2014,,Y,Apache 2.0,N,0,0,0,0,0,0,0,0,0,0,0,0,0,0,0,1,0,0,0.0,0.0,hawkular-metrics
Faircom EDGE,Key-value,"Key-value store,Relational DBMS",https://db-engines.com/en/system/Faircom+EDGE,N,,-,0.02,371,-,-,FairCom Corporation,www.faircom.com/products/faircom-edge,1979,2020,N,"Restricted, free version available",N,0,0,0,0,0,1,0,0,0,0,0,0,1,0,0,0,0,0,0.0,0.0,faircom-edge
OpenMLDB,Time Series,"Time Series DBMS,Relational DBMS",https://db-engines.com/en/system/OpenMLDB,,,,0.02,372,,,4 Paradigm Inc.,openmldb.ai,2020,2024,Y,,N,0,0,0,0,0,0,0,0,0,0,0,0,1,0,0,1,0,0,,,openmldb
Dydra,RDF,RDF store,https://db-engines.com/en/system/Dydra,Y_UnlicenseLicense,,dydra/dydra,0.02,373,dydra,dydra,,dydra.com/about,2010,,N,,N,0,0,0,0,0,0,0,0,0,0,0,1,0,0,0,0,0,0,0.0,0.0,dydra
SmallSQL,Relational,Relational DBMS,https://db-engines.com/en/system/SmallSQL,Y,,CptTZ/SmallSQL,0.02,374,CptTZ,SmallSQL,,www.smallsql.de,2005,,Y,L-GPL,N,0,0,0,0,0,0,0,0,0,0,0,0,1,0,0,0,0,0,0.0,0.0,smallsql
SparkleDB,RDF,RDF store,https://db-engines.com/en/system/SparkleDB,N,,-,0.02,375,-,-,,sparkledb.com,2012,,N,,N,0,0,0,0,0,0,0,0,0,0,0,1,0,0,0,0,0,0,0.0,0.0,sparkledb
gStore,Graph,"Graph DBMS,RDF store",https://db-engines.com/en/system/gStore,Y,,pkumod/gStore,0.01,376,pkumod,gStore,,en.gstore.cn,2016,2023,Y,BSD,N,0,0,0,0,1,0,0,0,0,0,0,1,0,0,0,0,0,0,0.0,0.0,gstore
Acebase,Document,Document store,https://db-engines.com/en/system/Acebase,Y,,appy-one/acebase,0.01,377,appy-one,acebase,,github.com/appy-one/acebase,2018,,Y,MIT License,N,0,0,1,0,0,0,0,0,0,0,0,0,0,0,0,0,0,0,0.0,0.0,acebase
Resin Cache,Key-value,Key-value store,https://db-engines.com/en/system/Resin+Cache,Y,,dlitz/resin,0.01,378,dlitz,resin,,caucho.com,1998,2021,Y,"GPLv3, extended commercial license available",N,0,0,0,0,0,1,0,0,0,0,0,0,0,0,0,0,0,0,0.0,0.0,resin-cache
TinkerGraph,Graph,Graph DBMS,https://db-engines.com/en/system/TinkerGraph,Y,,apache/tinkerpop,0.01,379,apache,tinkerpop,,tinkerpop.apache.org/docs/current/reference/#tinkergraph-gremlin,2009,,Y,Apache 2.0,N,0,0,0,0,1,0,0,0,0,0,0,0,0,0,0,0,0,0,0.0,0.0,tinkergraph
SWC-DB,Wide column,"Wide column store,Time Series DBMS",https://db-engines.com/en/system/SWC-DB,Y,,kashirin-alex/swc-db,0.01,380,kashirin-alex,swc-db,Alex Kashirin,"github.com/kashirin-alex/swc-db,www.swcdb.org",2020,2021,Y,GPL V3,N,0,0,0,0,0,0,0,0,0,0,0,0,0,0,0,1,0,1,0.0,0.0,swc-db
Eloquera,Object Oriented,Object oriented DBMS,https://db-engines.com/en/system/Eloquera,N,,-,0.01,381,-,-,,www.nuget.org/packages/EloqueraDB,2008,2014,N,free licenses,N,0,0,0,0,0,0,0,0,0,0,1,0,0,0,0,0,0,0,0.0,0.0,eloquera
OushuDB,Relational,Relational DBMS,https://db-engines.com/en/system/OushuDB,N,,-,0.0,382,-,-,Oushu,www.oushu.com/product/oushuDB,,2020,N,,N,0,0,0,0,0,0,0,0,0,0,0,0,1,0,0,0,0,0,0.0,0.0,oushudb
Siaqodb,Object Oriented,Object oriented DBMS,https://db-engines.com/en/system/Siaqodb,Y_Nonlicense,,morecraf/Siaqodb,0.0,384,morecraf,Siaqodb,,www.siaqodb.com,,,N,,N,0,0,0,0,0,0,0,0,0,0,1,0,0,0,0,0,0,0,0.0,0.0,siaqodb
LedisDB,Key-value,Key-value store,https://db-engines.com/en/system/LedisDB,Y,,ledisdb/ledisdb,0.0,385,ledisdb,ledisdb,,ledisdb.io,2014,,Y,MIT-License,N,0,0,0,0,0,1,0,0,0,0,0,0,0,0,0,0,0,0,0.0,0.0,ledisdb
SwayDB,Key-value,Key-value store,https://db-engines.com/en/system/SwayDB,Y,,simerplaha/SwayDB,0.0,386,simerplaha,SwayDB,Simer Plaha,swaydb.simer.au,2018,,Y,GNU Affero GPL V3.0,N,0,0,0,0,0,1,0,0,0,0,0,0,0,0,0,0,0,0,0.0,0.0,swaydb
ActorDB,Relational,Relational DBMS,https://db-engines.com/en/system/ActorDB,Y,,biokoda/actordb,0.0,387,biokoda,actordb,,www.actordb.com,2014,,Y,Mozilla Public License 2.0,N,0,0,0,0,0,0,0,0,0,0,0,0,1,0,0,0,0,0,0.0,0.0,actordb
AntDB,Relational,Relational DBMS,https://db-engines.com/en/system/AntDB,Y,,ADBSQL/AntDB,0.0,387,ADBSQL,AntDB,AsiaInfo Technologies Limited,www.asiainfo.com/en_us/product_aisware_antdb_detail.html,,,N,"community version available at,github.com/ADBSQL/AntDB",N,0,0,0,0,0,0,0,0,0,0,0,0,1,0,0,0,0,0,0.0,0.0,antdb
BergDB,Key-value,Key-value store,https://db-engines.com/en/system/BergDB,Y,,bergdb/bergdb,0.0,387,bergdb,bergdb,,bergdb.com,2013,,Y,Gnu Affero General Public License (AGPL),N,0,0,0,0,0,1,0,0,0,0,0,0,0,0,0,0,0,0,0.0,0.0,bergdb
BrightstarDB,RDF,RDF store,https://db-engines.com/en/system/BrightstarDB,Y,,BrightstarDB/BrightstarDB,0.0,387,BrightstarDB,BrightstarDB,,brightstardb.com,2012,,Y,,N,0,0,0,0,0,0,0,0,0,0,0,1,0,0,0,0,0,0,0.0,0.0,brightstardb
Cachelot.io,Key-value,Key-value store,https://db-engines.com/en/system/Cachelot.io,Y,,cachelot/cachelot,0.0,387,cachelot,cachelot,,cachelot.io,2015,,Y,Simplified BSD License,N,0,0,0,0,0,1,0,0,0,0,0,0,0,0,0,0,0,0,0.0,0.0,cachelotio
CortexDB,Document,"Document store,Key-value store",https://db-engines.com/en/system/CortexDB,N,,-,0.0,387,-,-,,www.cortex-ag.com,2014,,N,,N,0,0,1,0,0,1,0,0,0,0,0,0,0,0,0,0,0,0,0.0,0.0,cortexdb
CovenantSQL,Relational,Relational DBMS,https://db-engines.com/en/system/CovenantSQL,Y,,CovenantSQL/CovenantSQL,0.0,387,CovenantSQL,CovenantSQL,,covenantsql.io,2018,,Y,,N,0,0,0,0,0,0,0,0,0,0,0,0,1,0,0,0,0,0,0.0,0.0,covenantsql
DaggerDB,Relational,Relational DBMS,https://db-engines.com/en/system/DaggerDB,N,,-,0.0,387,-,-,,www.daggerdb.com,2014,,N,,N,0,0,0,0,0,0,0,0,0,0,0,0,1,0,0,0,0,0,0.0,0.0,daggerdb
DataFS,Object Oriented,"Object oriented DBMS,Graph DBMS",https://db-engines.com/en/system/DataFS,N,,-,0.0,387,-,-,Mobiland AG,newdatabase.com,2018,2022,N,,N,0,0,0,0,1,0,0,0,0,0,1,0,0,0,0,0,0,0,0.0,0.0,datafs
Diana DB,NoSQL,NoSQL,https://db-engines.com/en/system/Diana+DB,,,,0.0,387,,,,diana-db.com,,,,,,0,0,0,0,0,0,0,0,0,1,0,0,0,0,0,0,0,0,,,diana-db
Easysearch,Vector,Vector DBMS,https://db-engines.com/en/system/Easysearch,,,,0.0,387,,,,easysearch.cn,,,,,,0,0,0,0,0,0,0,0,0,0,0,0,0,0,0,0,1,0,,,easysearch
Edge Intelligence,Relational,Relational DBMS,https://db-engines.com/en/system/Edge+Intelligence,N,,-,0.0,387,-,-,Adapdix,www.edgeintelligence.com,2012,,N,,N,0,0,0,0,0,0,0,0,0,0,0,0,1,0,0,0,0,0,0.0,0.0,edge-intelligence
EdgelessDB,Relational,Relational DBMS,https://db-engines.com/en/system/EdgelessDB,Y,,edgelesssys/edgelessdb,0.0,387,edgelesssys,edgelessdb,Edgeless Systems,"github.com/edgelesssys/edgelessdb,www.edgeless.systems/products/edgelessdb",2021,,Y,GPL V2,N,0,0,0,0,0,0,0,0,0,0,0,0,1,0,0,0,0,0,0.0,0.0,edgelessdb
Galaxybase,Graph,Graph DBMS,https://db-engines.com/en/system/Galaxybase,N,,-,0.0,387,-,-,"Chuanglin(Createlink) Technology Co., Ltd 浙江创邻科技有限公司",galaxybase.com,2017,2021,N,,N,0,0,0,0,1,0,0,0,0,0,0,0,0,0,0,0,0,0,0.0,0.0,galaxybase
H2GIS,Spatial,"Spatial DBMS,Relational DBMS",https://db-engines.com/en/system/H2GIS,Y,,orbisgis/h2gis,0.0,387,orbisgis,h2gis,CNRS,www.h2gis.org,2013,,Y,LGPL 3.0,N,0,0,0,0,0,0,0,0,0,0,0,0,1,0,1,0,0,0,1.0,0.0,h2gis
Helium,Key-value,Key-value store,https://db-engines.com/en/system/Helium,N,,-,0.0,387,-,-,Levyx Inc.,www.levyx.com/helium,2013,,N,,N,0,0,0,0,0,1,0,0,0,0,0,0,0,0,0,0,0,0,0.0,0.0,helium
HGraphDB,Graph,Graph DBMS,https://db-engines.com/en/system/HGraphDB,Y,,rayokota/hgraphdb,0.0,387,rayokota,hgraphdb,,github.com/rayokota/hgraphdb,2016,,Y,Apache 2.0,N,0,0,0,0,1,0,0,0,0,0,0,0,0,0,0,0,0,0,0.0,0.0,hgraphdb
HyperLevelDB,Key-value,Key-value store,https://db-engines.com/en/system/HyperLevelDB,Y,,rescrv/HyperLevelDB,0.0,387,rescrv,HyperLevelDB,,github.com/rescrv/HyperLevelDB,2010,,Y,,N,0,0,0,0,0,1,0,0,0,0,0,0,0,0,0,0,0,0,0.0,0.0,hyperleveldb
iBoxDB,Document,Document store,https://db-engines.com/en/system/iBoxDB,Y,,iboxdb/ftserver,0.0,387,iboxdb,ftserver,,www.iboxdb.com,2013,,Y,,N,0,0,1,0,0,0,0,0,0,0,0,0,0,0,0,0,0,0,0.0,0.0,iboxdb
InfinityDB,Key-value,Key-value store,https://db-engines.com/en/system/InfinityDB,N,,-,0.0,387,-,-,Boiler Bay Inc.,boilerbay.com,2002,,N,,N,0,0,0,0,0,1,0,0,0,0,0,0,0,0,0,0,0,0,0.0,0.0,infinitydb
JaguarDB,Key-value,"Key-value store,Vector DBMS",https://db-engines.com/en/system/JaguarDB,Y,Y,datajaguar/jaguardb,0.0,387,datajaguar,jaguardb,"DataJaguar, Inc.",www.jaguardb.com,2015,2023,Y,GPL V3.0,N,0,0,0,0,0,1,0,0,0,0,0,0,0,0,0,0,1,0,0.0,1.0,jaguardb
JasDB,Document,Document store,https://db-engines.com/en/system/JasDB,Y,,oberasoftware/jasdb,0.0,387,oberasoftware,jasdb,,www.oberasoftware.com/jasdb,2014,,Y,,N,0,0,1,0,0,0,0,0,0,0,0,0,0,0,0,0,0,0,0.0,0.0,jasdb
K-DB,Relational,Relational DBMS,https://db-engines.com/en/system/K-DB,N,,-,0.0,387,-,-,Inspur Group,www.inspur.com/lcjtww/2528111/2528114/2528131/index.html,,,N,,N,0,0,0,0,0,0,0,0,0,0,0,0,1,0,0,0,0,0,0.0,0.0,k-db
Newts,Time Series,Time Series DBMS,https://db-engines.com/en/system/Newts,Y,,OpenNMS/newts,0.0,387,OpenNMS,newts,OpenNMS Group,opennms.github.io/newts,2014,,Y,Apache 2.0,N,0,0,0,0,0,0,0,0,0,0,0,0,0,0,0,1,0,0,0.0,0.0,newts
NSDb,Time Series,Time Series DBMS,https://db-engines.com/en/system/NSDb,Y,,radicalbit/NSDb,0.0,387,radicalbit,NSDb,,nsdb.io,2017,,Y,Apache Version 2.0,N,0,0,0,0,0,0,0,0,0,0,0,0,0,0,0,1,0,0,0.0,0.0,nsdb
openGemini,Time Series,Time Series DBMS,https://db-engines.com/en/system/openGemini,Y,,openGemini/openGemini,0.0,387,openGemini,openGemini,Huawei and openGemini community,"www.opengemini.org,github.com/openGemini",2022,2023,Y,Apache Version 2.0,N,0,0,0,0,0,0,0,0,0,0,0,0,0,0,0,1,0,0,0.0,,opengemini
OpenTenBase,Relational,Relational DBMS,https://db-engines.com/en/system/OpenTenBase,,,,0.0,387,,,"OpenAtom Foundation, previously Tencent","github.com/OpenTenBase/OpenTenBase,www.opentenbase.org",,2024,Y,BSD-3,N,0,0,0,0,0,0,0,0,0,0,0,0,1,0,0,0,0,0,,,opentenbase
OriginChain,Relational,"Multi-model — one store that answers relational,document,vector/embedding,full-text and graph queries.,vector,Vector,full-text search and graph — all native to the same engine.",https://db-engines.com/en/system/OriginChain,,,,0.0,387,,,,originchain.ai,,,commercial/proprietary engine with open-source client sdk’s,,,0,0,1,0,1,0,0,0,0,0,0,0,1,0,0,0,1,0,,,originchain
RayforceDB,Columnar,Columnar,https://db-engines.com/en/system/RayforceDB,,,,0.0,387,,,,rayforcedb.com,,,,,,1,0,0,0,0,0,0,0,0,0,0,0,0,0,0,0,0,0,,,rayforcedb
ReductStore,Time Series,Time Series DBMS,https://db-engines.com/en/system/ReductStore,,,,0.0,387,,,ReductSoftware,"github.com/reductstore,www.reduct.store",2023,2024,Y,Business Source License 1.1,N,0,0,0,0,0,0,0,0,0,0,0,0,0,0,0,1,0,0,,,reductstore
Rizhiyi,Search Engine,"Search engine,Time Series DBMS",https://db-engines.com/en/system/Rizhiyi,N,,-,0.0,387,-,-,Rizhiyi,www.rizhiyi.com,2014,,N,,N,0,0,0,0,0,0,0,0,0,0,0,0,0,1,0,1,0,0,0.0,0.0,rizhiyi
searchxml,Native XML,"Native XML DBMS,Search engine",https://db-engines.com/en/system/searchxml,N,,-,0.0,387,-,-,informationpartners gmbh,www.searchxml.net/category/products,2015,,N,,N,0,0,0,0,0,0,0,1,0,0,0,0,0,1,0,0,0,0,0.0,0.0,searchxml
SiriDB,Time Series,Time Series DBMS,https://db-engines.com/en/system/SiriDB,Y,,SiriDB/siridb-server,0.0,387,SiriDB,siridb-server,Cesbit,siridb.com,2017,,Y,MIT License,N,0,0,0,0,0,0,0,0,0,0,0,0,0,0,0,1,0,0,0.0,0.0,siridb
Skytable,Key-value,Key-value store,https://db-engines.com/en/system/Skytable,Y,Y,skytable/skytable,0.0,387,skytable,skytable,"Skytable, Inc.","github.com/skytable/skytable,skytable.io",2020,,Y,GNU AGPL 3.0,N,0,0,0,0,0,1,0,0,0,0,0,0,0,0,0,0,0,0,0.0,0.0,skytable
SpaceTime,Spatial,"Spatial DBMS,Relational DBMS",https://db-engines.com/en/system/SpaceTime,N,,-,0.0,387,-,-,Mireo,www.mireo.com/spacetime,2020,,N,,N,0,0,0,0,0,0,0,0,0,0,0,0,1,0,1,0,0,0,1.0,0.0,spacetime
SpacetimeDB,Relational,Relational DBMS,https://db-engines.com/en/system/SpacetimeDB,,,,0.0,387,,,"Clockwork Labs,clockworklabs.io",spacetimedb.com,,,"business source license, which converts to an agpl (with linking exception) open-source license after 4 years.",,N,0,0,0,0,0,0,0,0,0,0,0,0,1,0,0,0,0,0,,,spacetimedb
SvectorDB,Vector,Vector DBMS,https://db-engines.com/en/system/SvectorDB,,,,0.0,387,,,SvectorDB,svectordb.com,2023,,N,,Y,0,0,0,0,0,0,0,0,0,0,0,0,0,0,0,0,1,0,,,svectordb
TerarkDB,Key-value,Key-value store,https://db-engines.com/en/system/TerarkDB,Y_GithubFork,,bytedance/terarkdb,0.0,387,bytedance,terarkdb,"ByteDance, originally Terark",github.com/bytedance/terarkdb,2016,,N,restricted open source version available,N,0,0,0,0,0,1,0,0,0,0,0,0,0,0,0,0,0,0,0.0,0.0,terarkdb
TidesDB,Key-value,Key-value store,https://db-engines.com/en/system/TidesDB,,,,0.0,387,,,"Alex Gaetano Padula, TidesDB Contributors, TidesDB Corp.","tidesdb.com,.org/.net",2023,,mpl-2.0 / gplv2,,N,0,0,0,0,0,1,0,0,0,0,0,0,0,0,0,0,0,0,,,tidesdb
Tigris,Document,"Document store,Key-value store,Search engine,Time Series DBMS",https://db-engines.com/en/system/Tigris,Y,,tigrisdata/tigris,0.0,387,tigrisdata,tigris,"Tigris Data, Inc.",www.tigrisdata.com,2022,,Y,Apache Version 2.0,N,0,0,1,0,0,1,0,0,0,0,0,0,0,1,0,1,0,0,0.0,0.0,tigris
Tkrzw,Key-value,Key-value store,https://db-engines.com/en/system/Tkrzw,Y,,estraier/tkrzw,0.0,387,estraier,tkrzw,Mikio Hirabayashi,dbmx.net/tkrzw,2020,2020,Y,Apache Version 2.0,N,0,0,0,0,0,1,0,0,0,0,0,0,0,0,0,0,0,0,0.0,0.0,tkrzw
TomP2P,Key-value,Key-value store,https://db-engines.com/en/system/TomP2P,Y,,tomp2p/TomP2P,0.0,387,tomp2p,TomP2P,,tomp2p.net,2004,,Y,Apache Version 2,N,0,0,0,0,0,1,0,0,0,0,0,0,0,0,0,0,0,0,0.0,0.0,tomp2p
Transbase,Relational,Relational DBMS,https://db-engines.com/en/system/Transbase,N,,-,0.0,387,-,-,Transaction Software GmbH,www.transaction.de/en/products/transbase.html,1987,2022,N,free development license,N,0,0,0,0,0,0,0,0,0,0,0,0,1,0,0,0,0,0,0.0,0.0,transbase
Transwarp ArgoDB,Relational,"Relational DBMS,Search engine",https://db-engines.com/en/system/Transwarp+ArgoDB,N,,-,0.0,387,-,-,Transwarp,www.transwarp.cn/en/product/argodb,,,N,,N,0,0,0,0,0,0,0,0,0,0,0,0,1,1,0,0,0,0,0.0,0.0,transwarp-argodb
Transwarp Hippo,Vector,Vector DBMS,https://db-engines.com/en/system/Transwarp+Hippo,N,,-,0.0,387,-,-,,www.transwarp.cn/en/subproduct/hippo,2023,2023,N,,N,0,0,0,0,0,0,0,0,0,0,0,0,0,0,0,0,1,0,0.0,1.0,transwarp-hippo
Transwarp KunDB,Relational,Relational DBMS,https://db-engines.com/en/system/Transwarp+KunDB,N,,-,0.0,387,-,-,Transwarp,www.transwarp.cn/en/product/kundb,,,N,,N,0,0,0,0,0,0,0,0,0,0,0,0,1,0,0,0,0,0,0.0,0.0,transwarp-kundb
Transwarp StellarDB,Graph,Graph DBMS,https://db-engines.com/en/system/Transwarp+StellarDB,Y_IssueTracking,,stellardb/StellarDB,0.0,387,stellardb,StellarDB,Transwarp,www.transwarp.cn/en/product/stellardb,,,N,,N,0,0,0,0,1,0,0,0,0,0,0,0,0,0,0,0,0,0,0.0,0.0,transwarp-stellardb
Upscaledb,Key-value,Key-value store,https://db-engines.com/en/system/Upscaledb,Y,,cruppstahl/upscaledb,0.0,387,cruppstahl,upscaledb,,upscaledb.com,2007,,Y,Apache Version 2,N,0,0,0,0,0,1,0,0,0,0,0,0,0,0,0,0,0,0,0.0,0.0,upscaledb
VelocityDB,Graph,"Graph DBMS,Object oriented DBMS",https://db-engines.com/en/system/VelocityDB,N,,-,0.0,387,-,-,VelocityDB Inc,velocitydb.com,2011,,N,,N,0,0,0,0,1,0,0,0,0,0,1,0,0,0,0,0,0,0,0.0,0.0,velocitydb
VillageSQL,Relational,"Relational DBMS,Document store,Spatial DBMS",https://db-engines.com/en/system/VillageSQL,,,,0.0,387,,,VillageSQL,villagesql.com,2025,,open source — gpl v2,,N,0,0,1,0,0,0,0,0,0,0,0,0,1,0,1,0,0,0,,,villagesql
WhiteDB,Document,Document store,https://db-engines.com/en/system/WhiteDB,Y,,priitj/whitedb,0.0,387,priitj,whitedb,,whitedb.org,2008,,Y,GPL V3,N,0,0,1,0,0,0,0,0,0,0,0,0,0,0,0,0,0,0,0.0,0.0,whitedb
