DBMS,category_label,Multi_model_info,DBMS_insitelink,Website,has_github_repo,has_company,github_repo_link,Score_Jul-2026,Rank_Jul-2026,org_name,repo_name,Developer,initial_release_recalc,current_release_recalc,open_source_license,License_info,cloud_based_only_recalc,Columnar,Content,Document,Event,Graph,Key-value,Multivalue,Native XML,Navigational,NoSQL,Object oriented,RDF,Relational,Search engine,Spatial,Time Series,Vector,Wide column,Spatial DBMS,Vector DBMS,DBMS_urnform
Oracle,Relational,"Relational DBMS,Document store,Graph DBMS,RDF store,Spatial DBMS,Vector DBMS",https://db-engines.com/en/system/Oracle,www.oracle.com/database,N,Y,-,1132.37,1,-,-,Oracle,1980,2023,N,restricted free version is available,N,0,0,1,0,1,0,0,0,0,0,0,1,1,0,1,0,1,0,1.0,0.0,oracle
MySQL,Relational,"Relational DBMS,Document store,Spatial DBMS",https://db-engines.com/en/system/MySQL,www.mysql.com,Y,Y,mysql/mysql-server,846.46,2,mysql,mysql-server,Oracle,1995,2024,Y,GPL version 2. Commercial licenses with extended functionallity are available,N,0,0,1,0,0,0,0,0,0,0,0,0,1,0,1,0,0,0,1.0,0.0,mysql
Microsoft SQL Server,Relational,"Relational DBMS,Document store,Graph DBMS,Spatial DBMS",https://db-engines.com/en/system/Microsoft+SQL+Server,www.microsoft.com/en-us/sql-server,N,Y,-,698.96,3,-,-,Microsoft,1989,2022,N,restricted free version is available,N,0,0,1,0,1,0,0,0,0,0,0,0,1,0,1,0,0,0,1.0,0.0,microsoft-sql-server
PostgreSQL,Relational,"Relational DBMS,Document store,Graph DBMS,Spatial DBMS,Vector DBMS",https://db-engines.com/en/system/PostgreSQL,www.postgresql.org,Y,N,postgres/postgres,687.8,4,postgres,postgres,PostgreSQL Global Development Group,1989,2024,Y,BSD,N,0,0,1,0,1,0,0,0,0,0,0,0,1,0,1,0,1,0,1.0,1.0,postgresql
MongoDB,Document,"Document store,Key-value store,Spatial DBMS,Search engine,Time Series DBMS,Vector DBMS",https://db-engines.com/en/system/MongoDB,www.mongodb.com,Y,Y,mongodb/mongo,386.62,5,mongodb,mongo,"MongoDB, Inc",2009,2024,Y,MongoDB Inc.'s Server Side Public License v1. Prior versions were published under GNU AGPL v3.0. Commercial licenses are also available.,N,0,0,1,0,0,1,0,0,0,0,0,0,0,1,1,1,1,0,1.0,1.0,mongodb
Snowflake,Relational,Relational DBMS,https://db-engines.com/en/system/Snowflake,www.snowflake.com,Y_archivedas_twitter-archive/snowflake,Y,twitter-archive/snowflake,216.06,6,twitter-archive,snowflake,Snowflake Computing Inc.,2014,,N,,Y,0,0,0,0,0,0,0,0,0,0,0,0,1,0,0,0,0,0,0.0,0.0,snowflake
Databricks,Document,"Document store,Relational DBMS",https://db-engines.com/en/system/Databricks,www.databricks.com,N,N,-,164.08,7,-,-,Databricks,2013,,N,,Y,0,0,1,0,0,0,0,0,0,0,0,0,1,0,0,0,0,0,0.0,0.0,databricks
Redis,Key-value,"Key-value store,Document store,Graph DBMS,Spatial DBMS,Search engine,Time Series DBMS,Vector DBMS",https://db-engines.com/en/system/Redis,"redis.com,redis.io",Y,Y,redis/redis,153.81,8,redis,redis,"Redis project core team, inspired by Salvatore Sanfilippo",2009,2024,Y,"source-available extensions (modules), commercial licenses for Redis Enterprise",N,0,0,1,0,1,1,0,0,0,0,0,0,0,1,1,1,1,0,1.0,1.0,redis
IBM Db2,Relational,"Relational DBMS,Document store,RDF store,Spatial DBMS",https://db-engines.com/en/system/IBM+Db2,www.ibm.com/products/db2,N,Y,-,112.99,9,-,-,IBM,1983,2016,N,free version is available,N,0,0,1,0,0,0,0,0,0,0,0,1,1,0,1,0,0,0,1.0,0.0,ibm-db2
Apache Cassandra,Wide column,"Wide column store,Vector DBMS",https://db-engines.com/en/system/Apache+Cassandra,cassandra.apache.org,,,,103.06,10,,,Apache Software Foundation,2008,2024,Y,Apache version 2,N,0,0,0,0,0,0,0,0,0,0,0,0,0,0,0,0,1,1,,,apache-cassandra
SQLite,Relational,Relational DBMS,https://db-engines.com/en/system/SQLite,www.sqlite.org,Y,N,sqlite/sqlite,94.77,11,sqlite,sqlite,Dwayne Richard Hipp,2000,2024,Y,Public Domain,N,0,0,0,0,0,0,0,0,0,0,0,0,1,0,0,0,0,0,0.0,0.0,sqlite
Elasticsearch,Search Engine,"Search engine,Vector DBMS,Document store,Spatial DBMS",https://db-engines.com/en/system/Elasticsearch,www.elastic.co/elasticsearch,Y,Y,elastic/elasticsearch,94.32,12,elastic,elasticsearch,Elastic,2010,2023,Y,Elastic License,N,0,0,1,0,0,0,0,0,0,0,0,0,0,1,1,0,1,0,1.0,1.0,elasticsearch
MariaDB,Relational,"Relational DBMS,Document store,Graph DBMS,Spatial DBMS",https://db-engines.com/en/system/MariaDB,"mariadb.com,mariadb.org",Y,Y_借壳上市,MariaDB/server,80.06,13,MariaDB,server,MariaDB plc (MariaDB Enterprise Platform and MariaDB),2009,2024,Y,"GPL version 2, commercial enterprise subscription available",N,0,0,1,0,1,0,0,0,0,0,0,0,1,0,1,0,0,0,1.0,0.0,mariadb
Microsoft Azure SQL Database,Relational,"Relational DBMS,Document store,Graph DBMS,Spatial DBMS",https://db-engines.com/en/system/Microsoft+Azure+SQL+Database,azure.microsoft.com/en-us/products/azure-sql/database,N,,-,74.56,14,-,-,Microsoft,2010,,N,,Y,0,0,1,0,1,0,0,0,0,0,0,0,1,0,1,0,0,0,1.0,0.0,microsoft-azure-sql-database
Splunk,Search Engine,Search engine,https://db-engines.com/en/system/Splunk,www.splunk.com,N,,-,72.39,15,-,-,Splunk Inc.,2003,,N,Limited free edition and free developer edition available,N,0,0,0,0,0,0,0,0,0,0,0,0,0,1,0,0,0,0,0.0,0.0,splunk
Apache Hive,Relational,Relational DBMS,https://db-engines.com/en/system/Apache+Hive,hive.apache.org,,,,70.84,16,,,Apache Software Foundation,2012,2022,Y,Apache Version 2,N,0,0,0,0,0,0,0,0,0,0,0,0,1,0,0,0,0,0,,,apache-hive
Microsoft Access,Relational,Relational DBMS,https://db-engines.com/en/system/Microsoft+Access,www.microsoft.com/en-us/microsoft-365/access,N,Y,-,65.35,17,-,-,Microsoft,1992,2019,N,Bundled with Microsoft Office,N,0,0,0,0,0,0,0,0,0,0,0,0,1,0,0,0,0,0,0.0,0.0,microsoft-access
Amazon DynamoDB,Document,"Document store,Key-value store",https://db-engines.com/en/system/Amazon+DynamoDB,aws.amazon.com/dynamodb,N,,-,55.92,18,-,-,Amazon,2012,,N,free tier for a limited amount of database operations,Y,0,0,1,0,0,1,0,0,0,0,0,0,0,0,0,0,0,0,0.0,0.0,amazon-dynamodb
Google BigQuery,Relational,Relational DBMS,https://db-engines.com/en/system/Google+BigQuery,cloud.google.com/bigquery,N_api_googleapis/python-bigquery,Y,-,53.08,19,-,-,Google,2010,,N,,Y,0,0,0,0,0,0,0,0,0,0,0,0,1,0,0,0,0,0,0.0,0.0,google-bigquery
Neo4j,Graph,Graph DBMS,https://db-engines.com/en/system/Neo4j,neo4j.com,Y,Y,neo4j/neo4j,50.49,20,neo4j,neo4j,"Neo4j, Inc.",2007,2024,Y,"GPL version3, commercial licenses available",N,0,0,0,0,1,0,0,0,0,0,0,0,0,0,0,0,0,0,0.0,0.0,neo4j
SAP HANA,Relational,"Relational DBMS,Document store,Graph DBMS,Spatial DBMS",https://db-engines.com/en/system/SAP+HANA,www.sap.com/products/hana.html,N,,-,32.71,21,-,-,SAP,2010,2023,N,,N,0,0,1,0,1,0,0,0,0,0,0,0,1,0,1,0,0,0,1.0,0.0,sap-hana
Apache Solr,Search Engine,"Search engine,Spatial DBMS",https://db-engines.com/en/system/Apache+Solr,solr.apache.org,,,,32.63,22,,,Apache Software Foundation,2006,2024,Y,Apache Version 2,N,0,0,0,0,0,0,0,0,0,0,0,0,0,1,1,0,0,0,,,apache-solr
Teradata,Relational,"Relational DBMS,Document store,Graph DBMS,Spatial DBMS,Time Series DBMS",https://db-engines.com/en/system/Teradata,www.teradata.com,N,,-,31.97,23,-,-,Teradata,1984,2019,N,,N,0,0,1,0,1,0,0,0,0,0,0,0,1,0,1,1,0,0,1.0,0.0,teradata
FileMaker,Relational,Relational DBMS,https://db-engines.com/en/system/FileMaker,www.claris.com/filemaker,N,,-,29.52,24,-,-,Claris,1983,2021,N,,N,0,0,0,0,0,0,0,0,0,0,0,0,1,0,0,0,0,0,0.0,0.0,filemaker
SAP Adaptive Server,Relational,"Relational DBMS,Spatial DBMS",https://db-engines.com/en/system/SAP+Adaptive+Server,www.sap.com/products/technology-platform/sybase-ase.html,N,,-,25.32,25,-,-,"SAP, Sybase",1987,,N,,N,0,0,0,0,0,0,0,0,0,0,0,0,1,0,1,0,0,0,1.0,0.0,sap-adaptive-server
ClickHouse,Relational,"Relational DBMS,Document Stores,Spatial DBMS,Time Series DBMS,Vector DBMS",https://db-engines.com/en/system/ClickHouse,clickhouse.com,Y,Y_新成立,ClickHouse/ClickHouse,25.27,26,ClickHouse,ClickHouse,Clickhouse Inc.,2016,2025,Y,Apache 2.0,N,0,0,0,0,0,0,0,0,0,0,0,0,1,0,1,1,1,0,0.0,0.0,clickhouse
Apache Spark (SQL),Relational,Relational DBMS,https://db-engines.com/en/system/Apache+Spark+%28SQL%29,spark.apache.org/sql,,,,22.58,27,,,Apache Software Foundation,2014,2023,Y,Apache 2.0,N,0,0,0,0,0,0,0,0,0,0,0,0,1,0,0,0,0,0,,,apache-spark-sql
PostGIS,Spatial,"Spatial DBMS,Relational DBMS",https://db-engines.com/en/system/PostGIS,postgis.net,Y,,postgis/postgis,22.11,28,postgis,postgis,,2005,2024,Y,GPL v2.0,N,0,0,0,0,0,0,0,0,0,0,0,0,1,0,1,0,0,0,1.0,0.0,postgis
InfluxDB,Time Series,"Time Series DBMS,Spatial DBMS",https://db-engines.com/en/system/InfluxDB,www.influxdata.com/products/influxdb-overview,Y,,influxdata/influxdb,21.38,29,influxdata,influxdb,,2013,2024,Y,MIT-License; commercial enterprise version available,N,0,0,0,0,0,0,0,0,0,0,0,0,0,0,1,1,0,0,1.0,0.0,influxdb
Microsoft Azure Cosmos DB,Document,"Document store,Graph DBMS,Key-value store,Wide column store,Spatial DBMS",https://db-engines.com/en/system/Microsoft+Azure+Cosmos+DB,azure.microsoft.com/services/cosmos-db,N,,-,21.23,30,-,-,Microsoft,2014,,N,,Y,0,0,1,0,1,1,0,0,0,0,0,0,0,0,1,0,0,1,1.0,0.0,microsoft-azure-cosmos-db
OpenSearch,Search Engine,"Search engine,Vector DBMS,Vector DBMS",https://db-engines.com/en/system/OpenSearch,"github.com/opensearch-project,opensearch.org",Y,Y,opensearch-project/OpenSearch,21.18,31,opensearch-project,OpenSearch,The OpenSearch Software Foundation,2021,2025,Y,Apache Version 2.0,N,0,0,0,0,0,0,0,0,0,0,0,0,0,1,0,0,1,0,0.0,1.0,opensearch
Apache HBase,Wide column,Wide column store,https://db-engines.com/en/system/Apache+HBase,hbase.apache.org,,,,20.23,32,,,Apache Software Foundation,2008,2021,Y,Apache version 2,N,0,0,0,0,0,0,0,0,0,0,0,0,0,0,0,0,0,1,,,apache-hbase
Microsoft Fabric,Relational,Relational DBMS,https://db-engines.com/en/system/Microsoft+Fabric,www.microsoft.com/en-us/microsoft-fabric,,,,18.59,33,,,Microsoft,,,,,,0,0,0,0,0,0,0,0,0,0,0,0,1,0,0,0,0,0,,,microsoft-fabric
Firebird,Relational,Relational DBMS,https://db-engines.com/en/system/Firebird,www.firebirdsql.org,Y,N,FirebirdSQL/firebird,18.21,34,FirebirdSQL,firebird,Firebird Foundation,2000,2024,Y,Initial Developer's Public License,N,0,0,0,0,0,0,0,0,0,0,0,0,1,0,0,0,0,0,0.0,0.0,firebird
Microsoft Azure Synapse Analytics,Relational,Relational DBMS,https://db-engines.com/en/system/Microsoft+Azure+Synapse+Analytics,azure.microsoft.com/services/synapse-analytics,N,,-,16.59,35,-,-,Microsoft,2016,,N,,Y,0,0,0,0,0,0,0,0,0,0,0,0,1,0,0,0,0,0,0.0,0.0,microsoft-azure-synapse-analytics
Amazon Redshift,Relational,Relational DBMS,https://db-engines.com/en/system/Amazon+Redshift,aws.amazon.com/redshift,N,,-,16.44,36,-,-,"Amazon (based on,PostgreSQL,)",2012,,N,,Y,0,0,0,0,0,0,0,0,0,0,0,0,1,0,0,0,0,0,0.0,0.0,amazon-redshift
Firebase Realtime Database,Document,Document store,https://db-engines.com/en/system/Firebase+Realtime+Database,firebase.google.com/products/realtime-database,N,,-,15.92,37,-,-,Google,2012,,N,,Y,0,0,1,0,0,0,0,0,0,0,0,0,0,0,0,0,0,0,0.0,0.0,firebase-realtime-database
Memcached,Key-value,Key-value store,https://db-engines.com/en/system/Memcached,www.memcached.org,Y,,memcached/memcached,14.03,38,memcached,memcached,Danga Interactive,2003,2024,Y,BSD license,N,0,0,0,0,0,1,0,0,0,0,0,0,0,0,0,0,0,0,0.0,0.0,memcached
Informix,Relational,"Relational DBMS,Document store,Spatial DBMS,Time Series DBMS",https://db-engines.com/en/system/Informix,www.ibm.com/products/informix,N,Y,-,13.43,39,-,-,"IBM, HCL Technologies",1984,2020,N,free developer edition available,N,0,0,1,0,0,0,0,0,0,0,0,0,1,0,1,1,0,0,1.0,0.0,informix
Apache Flink,Relational,Relational DBMS,https://db-engines.com/en/system/Apache+Flink,flink.apache.org,Y,,apache/flink,11.19,40,apache,flink,Apache Software Foundation and contributors,,2024,Y,,N,0,0,0,0,0,0,0,0,0,0,0,0,1,0,0,0,0,0,0.0,0.0,apache-flink
Apache Impala,Relational,"Relational DBMS,Document store",https://db-engines.com/en/system/Apache+Impala,impala.apache.org,,,,10.92,41,,,Apache Software Foundation,2013,2022,Y,Apache Version 2,N,0,0,1,0,0,0,0,0,0,0,0,0,1,0,0,0,0,0,,,apache-impala
DuckDB,Relational,Relational DBMS,https://db-engines.com/en/system/DuckDB,duckdb.org,Y,,duckdb/duckdb,10.41,42,duckdb,duckdb,,2018,2024,Y,MIT License,N,0,0,0,0,0,0,0,0,0,0,0,0,1,0,0,0,0,0,0.0,0.0,duckdb
Amazon Aurora,Relational,"Relational DBMS,Document store,Spatial DBMS,Vector DBMS",https://db-engines.com/en/system/Amazon+Aurora,aws.amazon.com/rds/aurora,N,,-,9.64,43,-,-,Amazon,2015,2024,N,,Y,0,0,1,0,0,0,0,0,0,0,0,0,1,0,1,0,1,0,0.0,0.0,amazon-aurora
Couchbase,Document,"Document store,Vector DBMS,Key-value store,Spatial DBMS,Search engine,Time Series DBMS,Vector DBMS,Wide column store",https://db-engines.com/en/system/Couchbase,www.couchbase.com,Y,Y,couchbase/couchbase-lite-core,9.23,44,couchbase,couchbase-lite-core,"Couchbase, Inc.",2011,2024,Y,Business Source License (BSL 1.1); Commercial licenses also available,N,0,0,1,0,0,1,0,0,0,0,0,0,0,1,1,1,1,1,1.0,0.0,couchbase
Prometheus,Time Series,Time Series DBMS,https://db-engines.com/en/system/Prometheus,prometheus.io,Y,N,prometheus/prometheus,9.2,45,prometheus,prometheus,,2015,,Y,Apache 2.0,N,0,0,0,0,0,0,0,0,0,0,0,0,0,0,0,1,0,0,0.0,0.0,prometheus
Google Cloud Firestore,Document,Document store,https://db-engines.com/en/system/Google+Cloud+Firestore,firebase.google.com/products/firestore,N,,-,9.13,46,-,-,Google,2017,,N,,Y,0,0,1,0,0,0,0,0,0,0,0,0,0,0,0,0,0,0,0.0,0.0,google-cloud-firestore
Pinecone,Vector,Vector DBMS,https://db-engines.com/en/system/Pinecone,www.pinecone.io,N,Y,-,9.12,47,-,-,"Pinecone Systems, Inc",2019,,N,,Y,0,0,0,0,0,0,0,0,0,0,0,0,0,0,0,0,1,0,0.0,1.0,pinecone
H2,Relational,"Relational DBMS,Spatial DBMS",https://db-engines.com/en/system/H2,www.h2database.com,Y,N,h2database/h2database,8.4,48,h2database,h2database,Thomas Mueller,2005,2023,Y,"dual-licence (Mozilla public license, Eclipse public license)",N,0,0,0,0,0,0,0,0,0,0,0,0,1,0,1,0,0,0,1.0,0.0,h2
Vertica,Relational,"Relational DBMS,Spatial DBMS,Time Series DBMS",https://db-engines.com/en/system/Vertica,www.vertica.com,N,Y,-,8.25,49,-,-,OpenText,2005,2023,N,Limited community edition free,N,0,0,0,0,0,0,0,0,0,0,0,0,1,0,1,1,0,0,1.0,0.0,vertica
Kdb,Time Series,"Time Series DBMS,Vector DBMS,Relational DBMS",https://db-engines.com/en/system/Kdb,kx.com,Y,,KxSystems/kdb,8.11,50,KxSystems,kdb,"Kx Systems, a division of First Derivatives plc",2000,2018,N,free 32-bit version,N,0,0,0,0,0,0,0,0,0,0,0,0,1,0,0,1,1,0,0.0,1.0,kdb
dBASE,Relational,Relational DBMS,https://db-engines.com/en/system/dBASE,www.dbase.com,N,,-,7.69,51,-,-,Asthon Tate,1979,2019,N,,N,0,0,0,0,0,0,0,0,0,0,0,0,1,0,0,0,0,0,0.0,0.0,dbase
etcd,Key-value,Key-value store,https://db-engines.com/en/system/etcd,"etcd.io,github.com/etcd-io/etcd",Y,,etcd-io/etcd,7.29,52,etcd-io,etcd,,,2019,Y,Apache Version 2.0,N,0,0,0,0,0,1,0,0,0,0,0,0,0,0,0,0,0,0,0.0,0.0,etcd
Trino,Relational,"Relational DBMS,Document store,Key-value store,Spatial DBMS,Search engine,Time Series DBMS,Wide column store",https://db-engines.com/en/system/Trino,trino.io,Y,,trinodb/trino,7.24,53,trinodb,trino,Trino Software Foundation,2012,,Y,Apache Version 2.0,N,0,0,1,0,0,1,0,0,0,0,0,0,1,1,1,1,0,1,1.0,0.0,trino
Algolia,Search Engine,Search engine,https://db-engines.com/en/system/Algolia,www.algolia.com,N,,-,7.18,54,-,-,,2012,,N,,Y,0,0,0,0,0,0,0,0,0,0,0,0,0,1,0,0,0,0,0.0,0.0,algolia
Milvus,Vector,Vector DBMS,https://db-engines.com/en/system/Milvus,milvus.io,Y,,milvus-io/milvus,6.67,55,milvus-io,milvus,,2019,2024,Y,Apache Version 2.0,N,0,0,0,0,0,0,0,0,0,0,0,0,0,0,0,0,1,0,0.0,1.0,milvus
Realm,Document,Document store,https://db-engines.com/en/system/Realm,realm.io,Y,,realm/realm-core,6.63,56,realm,realm-core,"Realm, acquired by MongoDB in May 2019",2014,,Y,,N,0,0,1,0,0,0,0,0,0,0,0,0,0,0,0,0,0,0,0.0,0.0,realm
Netezza,Relational,Relational DBMS,https://db-engines.com/en/system/Netezza,www.ibm.com/products/netezza,N,,-,6.53,57,-,-,IBM,2000,,N,,N,0,0,0,0,0,0,0,0,0,0,0,0,1,0,0,0,0,0,0.0,0.0,netezza
Microsoft Azure AI Search,Search Engine,"Search engine,Vector DBMS",https://db-engines.com/en/system/Microsoft+Azure+AI+Search,azure.microsoft.com/en-us/services/search,N,,-,6.28,58,-,-,Microsoft,2015,,N,,Y,0,0,0,0,0,0,0,0,0,0,0,0,0,1,0,0,1,0,0.0,,microsoft-azure-ai-search
Presto,Relational,Relational DBMS,https://db-engines.com/en/system/Presto,prestodb.io,Y,N_Facebook开源,prestodb/presto,6.18,59,prestodb,presto,Facebook; Presto Foundation,2013,,Y,Apache 2.0,N,0,0,0,0,0,0,0,0,0,0,0,0,1,0,0,0,0,0,0.0,0.0,presto
Qdrant,Vector,Vector DBMS,https://db-engines.com/en/system/Qdrant,"github.com/qdrant/qdrant,qdrant.tech",Y,,qdrant/qdrant,6.03,60,qdrant,qdrant,Qdrant,2021,,Y,Apache Version 2.0,N,0,0,0,0,0,0,0,0,0,0,0,0,0,0,0,0,1,0,0.0,1.0,qdrant
Sphinx,Search Engine,Search engine,https://db-engines.com/en/system/Sphinx,sphinxsearch.com,Y,Y,sphinxsearch/sphinx,6.02,61,sphinxsearch,sphinx,Sphinx Technologies Inc.,2001,2023,Y,"GPL version 2, commercial licence available",N,0,0,0,0,0,0,0,0,0,0,0,0,0,1,0,0,0,0,0.0,0.0,sphinx
CouchDB,Document,"Document store,Spatial DBMS",https://db-engines.com/en/system/CouchDB,couchdb.apache.org,Y,N,apache/couchdb,6.01,62,apache,couchdb,Apache Software Foundation,2005,2023,Y,Apache version 2,N,0,0,1,0,0,0,0,0,0,0,0,0,0,0,1,0,0,0,1.0,0.0,couchdb
TimescaleDB,Time Series,"Time Series DBMS,Relational DBMS",https://db-engines.com/en/system/TimescaleDB,www.tigerdata.com,Y,,timescale/timescaledb,5.9,63,timescale,timescaledb,Timescale,2017,2026,Y,Apache 2.0,N,0,0,0,0,0,0,0,0,0,0,0,0,1,0,0,1,0,0,0.0,0.0,timescaledb
Greenplum,Relational,"Relational DBMS,Document store,Spatial DBMS",https://db-engines.com/en/system/Greenplum,greenplum.org,Y,Y,greenplum-db/gpdb-archive,5.76,64,greenplum-db,gpdb-archive,Pivotal Software Inc.,2005,2023,N,Apache 2.0,N,0,0,1,0,0,0,0,0,0,0,0,0,1,0,1,0,0,0,1.0,0.0,greenplum
DolphinDB,Time Series,"Time Series DBMS,Vector DBMS,Relational DBMS",https://db-engines.com/en/system/DolphinDB,www.dolphindb.com,N,,-,5.03,65,-,-,"DolphinDB, Inc",2018,2022,N,free community version available,N,0,0,0,0,0,0,0,0,0,0,0,0,1,0,0,1,1,0,0.0,0.0,dolphindb
ScyllaDB,Wide column,"Wide column store,Key-value store",https://db-engines.com/en/system/ScyllaDB,www.scylladb.com,Y,,scylladb/scylla,4.94,66,scylladb,scylla,ScyllaDB,2015,2024,Y,"Open Source (AGPL), commercial license available",N,0,0,0,0,0,1,0,0,0,0,0,0,0,0,0,0,0,1,0.0,0.0,scylladb
Weaviate,Vector,Vector DBMS,https://db-engines.com/en/system/Weaviate,"github.com/weaviate/weaviate,weaviate.io",Y,,semi-technologies/weaviate,4.86,67,semi-technologies,weaviate,Weaviate B.V.,2019,2026,Y,commercial license available with Weaviate Enterprise,N,0,0,0,0,0,0,0,0,0,0,0,0,0,0,0,0,1,0,0.0,1.0,weaviate
Hazelcast,Key-value,"Key-value store,Document store",https://db-engines.com/en/system/Hazelcast,hazelcast.com,Y,,hazelcast/hazelcast,4.71,68,hazelcast,hazelcast,Hazelcast,2008,2023,Y,Apache Version 2; commercial licenses available,N,0,0,1,0,0,1,0,0,0,0,0,0,0,0,0,0,0,0,0.0,0.0,hazelcast
CockroachDB,Relational,"Multi-Model DBMS,Relational DBMS,CockroachDB supports relational,semi-structured JSON/document,vector/embedding,geospatial,and typed categorical/enumeration data,all exposed via SQL,on the same strongly consistent,globally distributed data platform.",https://db-engines.com/en/system/CockroachDB,www.cockroachlabs.com,Y,Y,cockroachdb/cockroach,4.62,69,cockroachdb,cockroach,Cockroach Labs,2015,2026,Y,"Apache 2.0, commercial license available",N,0,0,0,0,0,0,0,0,0,0,0,0,1,0,0,0,0,0,0.0,0.0,cockroachdb
Oracle Essbase,Relational,Relational DBMS,https://db-engines.com/en/system/Oracle+Essbase,www.oracle.com/business-analytics/essbase.html,N,,-,4.53,70,-,-,Oracle,1998,2020,N,,N,0,0,0,0,0,0,0,0,0,0,0,0,1,0,0,0,0,0,0.0,0.0,oracle-essbase
Graphite,Time Series,Time Series DBMS,https://db-engines.com/en/system/Graphite,github.com/graphite-project/graphite-web,Y,,graphite-project/graphite-web,4.51,71,graphite-project,graphite-web,Chris Davis,2006,,Y,Apache 2.0,N,0,0,0,0,0,0,0,0,0,0,0,0,0,0,0,1,0,0,0.0,0.0,graphite
Aerospike,Document,"Document store,Graph DBMS,Key-value store,Spatial DBMS",https://db-engines.com/en/system/Aerospike,aerospike.com,Y,,aerospike/aerospike-server,3.97,72,aerospike,aerospike-server,Aerospike,2012,2025,Y,Apache and AGPL Licenses; open sourced in June 2014; commercial Enterprise Edition available,N,0,0,1,0,1,1,0,0,0,0,0,0,0,0,1,0,0,0,1.0,0.0,aerospike
Apache Jackrabbit,Content,Content stores,https://db-engines.com/en/system/Apache+Jackrabbit,jackrabbit.apache.org,,,,3.86,73,,,Apache Software Foundation,2006,2022,Y,,N,0,1,0,0,0,0,0,0,0,0,0,0,0,0,0,0,0,0,,,apache-jackrabbit
RocksDB,Key-value,Key-value store,https://db-engines.com/en/system/RocksDB,rocksdb.org,Y,Y,facebook/rocksdb,3.84,74,facebook,rocksdb,"Facebook, Inc.",2013,2024,Y,BSD,N,0,0,0,0,0,1,0,0,0,0,0,0,0,0,0,0,0,0,0.0,0.0,rocksdb
MarkLogic,Document,"Document store,Native XML DBMS,RDF store,Search engine,Vector DBMS",https://db-engines.com/en/system/MarkLogic,www.progress.com/marklogic,N,,-,3.78,75,-,-,MarkLogic Corp.,2001,2022,N,restricted free version is available,N,0,0,1,0,0,0,0,1,0,0,0,1,0,1,0,0,1,0,0.0,0.0,marklogic
Apache Druid,Relational,"Relational DBMS,Time Series DBMS",https://db-engines.com/en/system/Apache+Druid,druid.apache.org,Y,N,apache/druid,3.77,76,apache,druid,Apache Software Foundation and contributors,2012,2025,Y,Apache license v2,N,0,0,0,0,0,0,0,0,0,0,0,0,1,0,0,1,0,0,0.0,0.0,apache-druid
Alibaba Cloud PolarDB,Relational,Relational DBMS,https://db-engines.com/en/system/Alibaba+Cloud+PolarDB,www.alibabacloud.com/product/polardb,,,,3.68,77,,,Alibaba,,,N,,Y,0,0,0,0,0,0,0,0,0,0,0,0,1,0,0,0,0,0,,,alibaba-cloud-polardb
Interbase,Relational,Relational DBMS,https://db-engines.com/en/system/Interbase,www.embarcadero.com/products/interbase,N,,-,3.67,78,-,-,Embarcadero,1984,2019,N,,N,0,0,0,0,0,0,0,0,0,0,0,0,1,0,0,0,0,0,0.0,0.0,interbase
TiDB,Relational,"Relational DBMS,Vector DBMS",https://db-engines.com/en/system/TiDB,pingcap.com,Y,Y,pingcap/tidb,3.64,79,pingcap,tidb,"PingCAP, Inc.",2016,2024,Y,Apache 2.0,N,0,0,0,0,0,0,0,0,0,0,0,0,1,0,0,0,1,0,0.0,0.0,tidb
SAP SQL Anywhere,Relational,Relational DBMS,https://db-engines.com/en/system/SAP+SQL+Anywhere,www.sap.com/products/technology-platform/sql-anywhere.html,N,,-,3.62,80,-,-,SAP,1992,2015,N,,N,0,0,0,0,0,0,0,0,0,0,0,0,1,0,0,0,0,0,0.0,0.0,sap-sql-anywhere
Arango,Document,"Document store,Graph DBMS,Key-value store,Multi-Model DBMS,Search engine,Vector DBMS",https://db-engines.com/en/system/Arango,"arango.ai,Resources (blogs, ebooks, etc) at,arango.ai/resources",,,,3.54,81,,,Arango,2012,2026,"as of version 3.12 (2024), arangodb's source code moved from apache 2.0 to the business source license (bsl 1.1), so it's no longer fully open source. community edition is free only for non-commercial/internal use with a 100 gib limit; enterprise edition is commercially licensed with no size limit.",,N,0,0,1,0,1,1,0,0,0,0,0,0,0,1,0,0,1,0,,,arango
Oracle NoSQL,Document,"Document store,Key-value store,Relational DBMS",https://db-engines.com/en/system/Oracle+NoSQL,github.com/oracle/nosql,Y,N,oracle/nosql-go-sdk,3.54,82,oracle,nosql-go-sdk,Oracle,2011,2026,Y,"Proprietary for Enterprise Edition (Oracle Database EE license has Oracle NoSQL database EE covered:,details,)",N,0,0,1,0,0,1,0,0,0,0,0,0,1,0,0,0,0,0,0.0,0.0,oracle-nosql
QuestDB,Time Series,"Time Series DBMS,Relational DBMS",https://db-engines.com/en/system/QuestDB,questdb.com,Y,,questdb/questdb,3.46,83,questdb,questdb,QuestDB Technology Inc,2014,,Y,Apache 2.0,N,0,0,0,0,0,0,0,0,0,0,0,0,1,0,0,1,0,0,0.0,0.0,questdb
OpenEdge,Relational,Relational DBMS,https://db-engines.com/en/system/OpenEdge,www.progress.com/openedge,N,,-,3.42,84,-,-,Progress Software Corporation,1984,2020,N,,N,0,0,0,0,0,0,0,0,0,0,0,0,1,0,0,0,0,0,0.0,0.0,openedge
Google Cloud Datastore,Document,Document store,https://db-engines.com/en/system/Google+Cloud+Datastore,cloud.google.com/datastore,N,,-,3.36,85,-,-,Google,2008,,N,,Y,0,0,1,0,0,0,0,0,0,0,0,0,0,0,0,0,0,0,0.0,0.0,google-cloud-datastore
Datastax Enterprise,Wide column,"Wide column store,Document store,Graph DBMS,Spatial DBMS,Search engine,Vector DBMS",https://db-engines.com/en/system/Datastax+Enterprise,www.datastax.com/products/datastax-enterprise,N,,-,3.34,86,-,-,DataStax,2011,2020,N,,N,0,0,1,0,1,0,0,0,0,0,0,0,0,1,1,0,1,1,1.0,1.0,datastax-enterprise
Ingres,Relational,Relational DBMS,https://db-engines.com/en/system/Ingres,www.actian.com/databases/ingres,Y,,fosslc/Ingres,3.13,87,fosslc,Ingres,Actian Corporation,1974,2024,N,,N,0,0,0,0,0,0,0,0,0,0,0,0,1,0,0,0,0,0,0.0,0.0,ingres
Riak KV,Key-value,Key-value store,https://db-engines.com/en/system/Riak+KV,,Y,,basho/riak_kv,3.12,88,basho,riak_kv,"OpenSource, formerly Basho Technologies",2009,2022,Y,"Apache version 2, commercial enterprise edition",N,0,0,0,0,0,1,0,0,0,0,0,0,0,0,0,0,0,0,0.0,0.0,riak-kv
Microsoft Azure Data Explorer,Relational,"Relational DBMS,Document store,Event Store,Graph DBMS,Spatial DBMS,Search engine,Time Series DBMS",https://db-engines.com/en/system/Microsoft+Azure+Data+Explorer,azure.microsoft.com/services/data-explorer,N,,-,3.12,89,-,-,Microsoft,2019,,N,,Y,0,0,1,1,1,0,0,0,0,0,0,0,1,1,1,1,0,0,1.0,0.0,microsoft-azure-data-explorer
Chroma,Vector,Vector DBMS,https://db-engines.com/en/system/Chroma,www.trychroma.com,Y,,chroma-core/chroma,3.03,90,chroma-core,chroma,Chroma,,,Y,Apache-2.0 license,N,0,0,0,0,0,0,0,0,0,0,0,0,0,0,0,0,1,0,0.0,1.0,chroma
Apache Derby,Relational,Relational DBMS,https://db-engines.com/en/system/Apache+Derby,db.apache.org/derby,,,,3.03,91,,,Apache Software Foundation,1997,2023,Y,Apache version 2,N,0,0,0,0,0,0,0,0,0,0,0,0,1,0,0,0,0,0,,,apache-derby
SingleStore,Relational,"Relational DBMS,Document store,Spatial DBMS,Time Series DBMS,Vector DBMS",https://db-engines.com/en/system/SingleStore,www.singlestore.com,N,,-,2.98,92,-,-,SingleStore Inc.,2013,2024,N,free developer edition available,N,0,0,1,0,0,0,0,0,0,0,0,0,1,0,1,1,1,0,1.0,1.0,singlestore
TDengine,Time Series,"Time Series DBMS,Relational DBMS",https://db-engines.com/en/system/TDengine,"github.com/taosdata/TDengine,tdengine.com",Y,,taosdata/TDengine,2.91,93,taosdata,TDengine,"TDEngine, previously Taos Data",2019,2022,Y,"AGPL V3, also commercial editions available",N,0,0,0,0,0,0,0,0,0,0,0,0,1,0,0,1,0,0,0.0,0.0,tdengine
Ehcache,Key-value,Key-value store,https://db-engines.com/en/system/Ehcache,www.ehcache.org,Y,Y,ehcache/ehcache3,2.82,94,ehcache,ehcache3,"Terracotta Inc, owned by Software AG",2009,2022,Y,Apache Version 2; commercial licenses available,N,0,0,0,0,0,1,0,0,0,0,0,0,0,0,0,0,0,0,0.0,0.0,ehcache
Google Cloud Spanner,Relational,Relational DBMS,https://db-engines.com/en/system/Google+Cloud+Spanner,cloud.google.com/spanner,N,,-,2.81,95,-,-,Google,2017,,N,,Y,0,0,0,0,0,0,0,0,0,0,0,0,1,0,0,0,0,0,0.0,0.0,google-cloud-spanner
Microsoft Azure Table Storage,Wide column,Wide column store,https://db-engines.com/en/system/Microsoft+Azure+Table+Storage,azure.microsoft.com/en-us/services/storage/tables,N,,-,2.76,96,-,-,Microsoft,2012,,N,,Y,0,0,0,0,0,0,0,0,0,0,0,0,0,0,0,0,0,1,0.0,0.0,microsoft-azure-table-storage
Apache Ignite,Key-value,"Key-value store,Relational DBMS",https://db-engines.com/en/system/Apache+Ignite,ignite.apache.org,,,,2.76,97,,,Apache Software Foundation,2015,2023,Y,Apache 2.0,N,0,0,0,0,0,1,0,0,0,0,0,0,1,0,0,0,0,0,,,apache-ignite
Adabas,Multivalue,Multivalue DBMS,https://db-engines.com/en/system/Adabas,www.softwareag.com/en_corporate/platform/adabas-natural.html,Y,,jrmarino/AdaBase,2.75,98,jrmarino,AdaBase,Software AG,1971,,N,,N,0,0,0,0,0,0,1,0,0,0,0,0,0,0,0,0,0,0,0.0,0.0,adabas
Amazon Neptune,Graph,"Graph DBMS,RDF store",https://db-engines.com/en/system/Amazon+Neptune,aws.amazon.com/neptune,N,,-,2.67,99,-,-,Amazon,2017,,N,,Y,0,0,0,0,1,0,0,0,0,0,0,1,0,0,0,0,0,0,0.0,0.0,amazon-neptune
GemFire,Key-value,"Key-value store,Document store",https://db-engines.com/en/system/GemFire,network.tanzu.vmware.com/products/pivotal-gemfire,N,Y,-,2.57,100,-,-,VMware,2004,2022,N,,N,0,0,1,0,0,1,0,0,0,0,0,0,0,0,0,0,0,0,0.0,0.0,gemfire
HyperSQL,Relational,Relational DBMS,https://db-engines.com/en/system/HyperSQL,hsqldb.org,Y,N,ryenus/hsqldb,2.56,101,ryenus,hsqldb,,2001,2023,Y,based on BSD license,N,0,0,0,0,0,0,0,0,0,0,0,0,1,0,0,0,0,0,0.0,0.0,hypersql
Valkey,Key-value,Key-value store,https://db-engines.com/en/system/Valkey,valkey.io,,,,2.55,102,,,,2024,2024,Y,,N,0,0,0,0,0,1,0,0,0,0,0,0,0,0,0,0,0,0,,,valkey
Apache Accumulo,Wide column,Wide column store,https://db-engines.com/en/system/Apache+Accumulo,accumulo.apache.org,,,,2.54,103,,,,2008,2022,Y,,N,0,0,0,0,0,0,0,0,0,0,0,0,0,0,0,0,0,1,,,apache-accumulo
Virtuoso,Document,"Document store,Graph DBMS,Native XML DBMS,Relational DBMS,RDF store,Search engine,Spatial DBMS",https://db-engines.com/en/system/Virtuoso,virtuoso.openlinksw.com,Y,,openlink/virtuoso-opensource,2.52,104,openlink,virtuoso-opensource,OpenLink Software,1998,2023,Y,"GPLv2, extended commercial license available",N,0,0,1,0,1,0,0,1,0,0,0,1,1,1,1,0,0,0,1.0,0.0,virtuoso
OrientDB,Document,"Document store,Graph DBMS,Key-value store",https://db-engines.com/en/system/OrientDB,orientdb.org,Y,,orientechnologies/orientdb,2.49,105,orientechnologies,orientdb,OrientDB LTD; CallidusCloud; SAP,2010,2024,Y,Apache version 2,N,0,0,1,0,1,1,0,0,0,0,0,0,0,0,0,0,0,0,0.0,0.0,orientdb
Google Cloud Bigtable,Key-value,"Key-value store,Wide column store",https://db-engines.com/en/system/Google+Cloud+Bigtable,cloud.google.com/bigtable,N,,-,2.47,106,-,-,Google,2015,,N,,Y,0,0,0,0,0,1,0,0,0,0,0,0,0,0,0,0,0,1,0.0,0.0,google-cloud-bigtable
Apache Jena - TDB,RDF,RDF store,https://db-engines.com/en/system/Apache+Jena+-+TDB,jena.apache.org/documentation/tdb/index.html,Y,N,apache/jena,2.47,107,apache,jena,Apache Software Foundation,2000,2023,Y,"Apache License, Version 2.0",N,0,0,0,0,0,0,0,0,0,0,0,1,0,0,0,0,0,0,0.0,0.0,apache-jena-tdb
GraphDB,Graph,"Graph DBMS,RDF store",https://db-engines.com/en/system/GraphDB,www.ontotext.com,N,,-,2.45,108,-,-,"Ontotext, trading as Graphwise",2000,2026,N,Some plugins of GraphDB Workbench are open sourced,N,0,0,0,0,1,0,0,0,0,0,0,1,0,0,0,0,0,0,0.0,0.0,graphdb
OceanBase,Relational,"Relational DBMS,Vector DBMS,Document store,Wide column store",https://db-engines.com/en/system/OceanBase,en.oceanbase.com,Y,,oceanbase/oceanbase,2.39,109,oceanbase,oceanbase,OceanBase,2010,2024,Y,Commercial license available,N,0,0,1,0,0,0,0,0,0,0,0,0,1,0,0,0,1,1,0.0,0.0,oceanbase
IBM Cloudant,Document,Document store,https://db-engines.com/en/system/IBM+Cloudant,www.ibm.com/products/cloudant,N,,-,2.34,110,-,-,"IBM, Apache Software Foundation",2010,,N,,Y,0,0,1,0,0,0,0,0,0,0,0,0,0,0,0,0,0,0,0.0,0.0,ibm-cloudant
SAP IQ,Relational,Relational DBMS,https://db-engines.com/en/system/SAP+IQ,www.sap.com/products/technology-platform/sybase-iq-big-data-management.html,N,,-,2.28,111,-,-,"SAP, formerly Sybase",1994,2019,N,,N,0,0,0,0,0,0,0,0,0,0,0,0,1,0,0,0,0,0,0.0,0.0,sap-iq
Coveo,Search Engine,Search engine,https://db-engines.com/en/system/Coveo,www.coveo.com,N,,-,2.28,112,-,-,Coveo,2012,,N,,Y,0,0,0,0,0,0,0,0,0,0,0,0,0,1,0,0,0,0,0.0,0.0,coveo
InterSystems IRIS,Document,"Document store,Key-value store,Object oriented DBMS,Relational DBMS",https://db-engines.com/en/system/InterSystems+IRIS,www.intersystems.com/products/intersystems-iris,N,,-,2.27,113,-,-,InterSystems,2018,2023,N,,N,0,0,1,0,0,1,0,0,0,0,1,0,1,0,0,0,0,0,0.0,0.0,intersystems-iris
RavenDB,Document,"Document store,Graph DBMS,Spatial DBMS,Time Series DBMS",https://db-engines.com/en/system/RavenDB,ravendb.net,Y,,ravendb/ravendb,2.26,114,ravendb,ravendb,Hibernating Rhinos,2010,2022,Y,"AGPL version 3, commercial license available",N,0,0,1,0,1,0,0,0,0,0,0,0,0,0,1,1,0,0,1.0,0.0,ravendb
RethinkDB,Document,"Document store,Spatial DBMS",https://db-engines.com/en/system/RethinkDB,rethinkdb.com,Y,,rethinkdb/rethinkdb,2.2,115,rethinkdb,rethinkdb,The Linux Foundation,2009,2020,Y,Apache Version 2,N,0,0,1,0,0,0,0,0,0,0,0,0,0,0,1,0,0,0,1.0,0.0,rethinkdb
Apache IoTDB,Time Series,Time Series DBMS,https://db-engines.com/en/system/Apache+IoTDB,iotdb.apache.org,Y,N,apache/iotdb,2.18,116,apache,iotdb,Apache Software Foundation,2018,2023,Y,Apache Version 2.0,N,0,0,0,0,0,0,0,0,0,0,0,0,0,0,0,1,0,0,0.0,0.0,apache-iotdb
Citus,Relational,"Relational DBMS,Document store",https://db-engines.com/en/system/Citus,www.citusdata.com,Y,,citusdata/citus,2.12,117,citusdata,citus,,2010,2018,Y,"AGPL, commercial license also available",N,0,0,1,0,0,0,0,0,0,0,0,0,1,0,0,0,0,0,0.0,0.0,citus
Apache Phoenix,Relational,Relational DBMS,https://db-engines.com/en/system/Apache+Phoenix,phoenix.apache.org,Y,N,apache/phoenix,2.04,118,apache,phoenix,Apache Software Foundation,2014,2019,Y,Apache Version 2.0,N,0,0,0,0,0,0,0,0,0,0,0,0,1,0,0,0,0,0,0.0,0.0,apache-phoenix
YugabyteDB,Relational,"Relational DBMS,Document store,Wide column store",https://db-engines.com/en/system/YugabyteDB,www.yugabyte.com,Y,Y,yugabyte/yugabyte-db,2.04,119,yugabyte,yugabyte-db,Yugabyte Inc.,2017,2024,Y,Apache 2.0,N,0,0,1,0,0,0,0,0,0,0,0,0,1,0,0,0,0,1,0.0,0.0,yugabytedb
Rockset,Document,"Document store,Relational DBMS,Search engine",https://db-engines.com/en/system/Rockset,rockset.com,N,,-,2.04,120,-,-,Rockset,2019,,N,,Y,0,0,1,0,0,0,0,0,0,0,0,0,1,1,0,0,0,0,0.0,0.0,rockset
GBase,Relational,Relational DBMS,https://db-engines.com/en/system/GBase,www.gbase.cn,N,,-,2.04,121,-,-,"General Data Technology Co., Ltd.",2004,,N,,N,0,0,0,0,0,0,0,0,0,0,0,0,1,0,0,0,0,0,0.0,0.0,gbase
4D,Relational,Relational DBMS,https://db-engines.com/en/system/4D,www.4d.com,N,,-,2.03,122,-,-,"4D, Inc",1984,2023,N,,N,0,0,0,0,0,0,0,0,0,0,0,0,1,0,0,0,0,0,0.0,0.0,4d
CloudKit,Document,Document store,https://db-engines.com/en/system/CloudKit,developer.apple.com/icloud/cloudkit,Y,,jcrosby/cloudkit,2.02,123,jcrosby,cloudkit,,2016,,N,,Y,0,0,1,0,0,0,0,0,0,0,0,0,0,0,0,0,0,0,0.0,0.0,cloudkit
"UniData,UniVerse",Multivalue,Multivalue DBMS,https://db-engines.com/en/system/UniData%2CUniVerse,www.rocketsoftware.com/products/rocket-multivalue-application-development-platform/rocket-unidata,N,,-,1.99,124,-,-,Rocket Software,1985,,N,,N,0,0,0,0,0,0,1,0,0,0,0,0,0,0,0,0,0,0,0.0,0.0,unidata-universe
Stardog,Graph,"Graph DBMS,RDF store",https://db-engines.com/en/system/Stardog,www.stardog.com,N,,-,1.97,125,-,-,Stardog-Union,2010,2020,N,60-day fully-featured trial license; 1-year fully-featured non-commercial use license for academics/students,N,0,0,0,0,1,0,0,0,0,0,0,1,0,0,0,0,0,0,0.0,0.0,stardog
Amazon DocumentDB,Document,Document store,https://db-engines.com/en/system/Amazon+DocumentDB,aws.amazon.com/documentdb,N,,-,1.92,126,-,-,,2019,,N,,Y,0,0,1,0,0,0,0,0,0,0,0,0,0,0,0,0,0,0,0.0,0.0,amazon-documentdb
Amazon CloudSearch,Search Engine,Search engine,https://db-engines.com/en/system/Amazon+CloudSearch,aws.amazon.com/cloudsearch,N,,-,1.92,127,-,-,Amazon,2012,,N,,Y,0,0,0,0,0,0,0,0,0,0,0,0,0,1,0,0,0,0,0.0,0.0,amazon-cloudsearch
LMDB,Key-value,Key-value store,https://db-engines.com/en/system/LMDB,www.symas.com/symas-embedded-database-lmdb,Y,,LMDB/lmdb,1.9,128,LMDB,lmdb,Symas,2011,2024,Y,,N,0,0,0,0,0,1,0,0,0,0,0,0,0,0,0,0,0,0,0.0,0.0,lmdb
Percona Server for MySQL,Relational,Relational DBMS,https://db-engines.com/en/system/Percona+Server+for+MySQL,www.percona.com/software/mysql-database/percona-server,Y_replacementfor_MySQL,N,percona/percona-server,1.86,129,percona,percona-server,Percona,2008,2024,Y,GPL version 2,N,0,0,0,0,0,0,0,0,0,0,0,0,1,0,0,0,0,0,0.0,0.0,percona-server-for-mysql
Infinispan,Key-value,Key-value store,https://db-engines.com/en/system/Infinispan,infinispan.org,Y,,infinispan/infinispan,1.83,130,infinispan,infinispan,,2009,2023,Y,Apache Version 2,N,0,0,0,0,0,1,0,0,0,0,0,0,0,0,0,0,0,0,0.0,0.0,infinispan
LevelDB,Key-value,Key-value store,https://db-engines.com/en/system/LevelDB,github.com/google/leveldb,Y,,google/leveldb,1.82,131,google,leveldb,Google,2011,2021,Y,BSD,N,0,0,0,0,0,1,0,0,0,0,0,0,0,0,0,0,0,0,0.0,0.0,leveldb
TigerGraph,Graph,Graph DBMS,https://db-engines.com/en/system/TigerGraph,www.tigergraph.com,N,,-,1.82,132,-,-,,2017,,N,,N,0,0,0,0,1,0,0,0,0,0,0,0,0,0,0,0,0,0,0.0,0.0,tigergraph
JanusGraph,Graph,Graph DBMS,https://db-engines.com/en/system/JanusGraph,janusgraph.org,Y,,JanusGraph/janusgraph,1.82,133,JanusGraph,janusgraph,"Linux Foundation; originally developed as,Titan,by Aurelius",2017,2023,Y,Apache 2.0,N,0,0,0,0,1,0,0,0,0,0,0,0,0,0,0,0,0,0,0.0,0.0,janusgraph
PouchDB,Document,Document store,https://db-engines.com/en/system/PouchDB,pouchdb.com,Y,N,pouchdb/pouchdb,1.8,134,pouchdb,pouchdb,Apache Software Foundation,2012,2019,Y,,N,0,0,1,0,0,0,0,0,0,0,0,0,0,0,0,0,0,0,0.0,0.0,pouchdb
MaxDB,Relational,Relational DBMS,https://db-engines.com/en/system/MaxDB,maxdb.sap.com,N,,-,1.79,135,-,-,"SAP, acquired from Software AG (Adabas-D) in 1997",1984,2024,N,Limited community edition free,N,0,0,0,0,0,0,0,0,0,0,0,0,1,0,0,0,0,0,0.0,0.0,maxdb
Memgraph,Graph,Graph DBMS,https://db-engines.com/en/system/Memgraph,memgraph.com,Y,,memgraph/memgraph,1.79,136,memgraph,memgraph,Memgraph Ltd,2017,,Y,BSL 1.1; commercial license for enterprise edition available,N,0,0,0,0,1,0,0,0,0,0,0,0,0,0,0,0,0,0,0.0,0.0,memgraph
NebulaGraph,Graph,Graph DBMS,https://db-engines.com/en/system/NebulaGraph,"github.com/vesoft-inc/nebula,www.nebula-graph.io",Y_archivedas_nebula-graph,Y,vesoft-inc/nebula,1.76,137,vesoft-inc,nebula,Vesoft Inc.,2019,,Y,Apache Version 2.0 + Common Clause 1.0,N,0,0,0,0,1,0,0,0,0,0,0,0,0,0,0,0,0,0,0.0,0.0,nebulagraph
SpatiaLite,Spatial,"Spatial DBMS,Relational DBMS",https://db-engines.com/en/system/SpatiaLite,www.gaia-gis.it/fossil/libspatialite/index,Y,,illarionov/SpatiaLite,1.75,138,illarionov,SpatiaLite,Alessandro Furieri,2008,2020,Y,"MPL 1.1, GPL v2.0 or LGPL v2.1",N,0,0,0,0,0,0,0,0,0,0,0,0,1,0,1,0,0,0,1.0,0.0,spatialite
Apache Drill,Document,"Document store,Relational DBMS",https://db-engines.com/en/system/Apache+Drill,drill.apache.org,Y,N,apache/drill,1.72,139,apache,drill,Apache Software Foundation,2012,2023,Y,Apache Version 2,N,0,0,1,0,0,0,0,0,0,0,0,0,1,0,0,0,0,0,0.0,0.0,apache-drill
EDB Postgres,Relational,"Relational DBMS,Document store,Spatial DBMS",https://db-engines.com/en/system/EDB+Postgres,www.enterprisedb.com,N,,-,1.67,140,-,-,EnterpriseDB,2005,2021,N,BSD for PostgreSQL-components,N,0,0,1,0,0,0,0,0,0,0,0,0,1,0,1,0,0,0,1.0,0.0,edb-postgres
VictoriaMetrics,Time Series,Time Series DBMS,https://db-engines.com/en/system/VictoriaMetrics,victoriametrics.com,Y,,VictoriaMetrics/VictoriaMetrics,1.66,141,VictoriaMetrics,VictoriaMetrics,VictoriaMetrics,2018,2023,Y,Apache Version 2.0,N,0,0,0,0,0,0,0,0,0,0,0,0,0,0,0,1,0,0,0.0,0.0,victoriametrics
PlanetScale,Relational,"Relational DBMS,Document store,Spatial DBMS",https://db-engines.com/en/system/PlanetScale,planetscale.com,N,,-,1.64,142,-,-,PlanetScale,2020,,N,,Y,0,0,1,0,0,0,0,0,0,0,0,0,1,0,1,0,0,0,1.0,0.0,planetscale
StarRocks,Relational,Relational DBMS,https://db-engines.com/en/system/StarRocks,www.starrocks.io,Y,,StarRocks/StarRocks,1.61,143,StarRocks,StarRocks,The Linux Foundation,2020,2024,Y,Apache Version 2.0,N,0,0,0,0,0,0,0,0,0,0,0,0,1,0,0,0,0,0,0.0,0.0,starrocks
Oracle Coherence,Key-value,Key-value store,https://db-engines.com/en/system/Oracle+Coherence,www.oracle.com/java/coherence,Y_CommunityEdition,,oracle/coherence,1.6,144,oracle,coherence,Oracle,2007,2023,N,,N,0,0,0,0,0,1,0,0,0,0,0,0,0,0,0,0,0,0,0.0,0.0,oracle-coherence
Fauna,Document,"Document store,Graph DBMS,Relational DBMS,Time Series DBMS",https://db-engines.com/en/system/Fauna,fauna.com,N,,-,1.6,145,-,-,"Fauna, Inc.",2014,,N,,Y,0,0,1,0,1,0,0,0,0,0,0,0,1,0,0,1,0,0,0.0,0.0,fauna
MonetDB,Relational,"Relational DBMS,Document store,Spatial DBMS",https://db-engines.com/en/system/MonetDB,www.monetdb.org,Y,,MonetDB/MonetDB,1.56,146,MonetDB,MonetDB,MonetDB BV,2004,2023,Y,Mozilla Public License 2.0,N,0,0,1,0,0,0,0,0,0,0,0,0,1,0,1,0,0,0,1.0,0.0,monetdb
IMS,Navigational,Navigational DBMS,https://db-engines.com/en/system/IMS,www.ibm.com/products/ims,N,,-,1.56,147,-,-,IBM,1966,2025,N,,N,0,0,0,0,0,0,0,0,1,0,0,0,0,0,0,0,0,0,0.0,0.0,ims
Amazon SimpleDB,Key-value,Key-value store,https://db-engines.com/en/system/Amazon+SimpleDB,aws.amazon.com/simpledb,N,,-,1.54,148,-,-,Amazon,2007,,N,,Y,0,0,0,0,0,1,0,0,0,0,0,0,0,0,0,0,0,0,0.0,0.0,amazon-simpledb
Datomic,Relational,Relational DBMS,https://db-engines.com/en/system/Datomic,www.datomic.com,N,,-,1.54,149,-,-,Cognitect,2012,2024,N,limited edition free,N,0,0,0,0,0,0,0,0,0,0,0,0,1,0,0,0,0,0,0.0,0.0,datomic
Oracle Berkeley DB,Key-value,"Key-value store,Native XML DBMS",https://db-engines.com/en/system/Oracle+Berkeley+DB,www.oracle.com/database/technologies/related/berkeleydb.html,Y,,berkeleydb/libdb,1.54,150,berkeleydb,libdb,Oracle,1994,2020,Y,commercial license available,N,0,0,0,0,0,1,0,1,0,0,0,0,0,0,0,0,0,0,0.0,0.0,oracle-berkeley-db
Vitess,Relational,"Relational DBMS,Document store,Spatial DBMS",https://db-engines.com/en/system/Vitess,vitess.io,Y,,vitessio/vitess,1.54,151,vitessio,vitess,"The Linux Foundation, PlanetScale",2013,2022,Y,"Apache Version 2.0, commercial licenses available",N,0,0,1,0,0,0,0,0,0,0,0,0,1,0,1,0,0,0,1.0,0.0,vitess
EXASOL,Relational,Relational DBMS,https://db-engines.com/en/system/EXASOL,www.exasol.com,N,,-,1.52,152,-,-,Exasol,2000,,N,,N,0,0,0,0,0,0,0,0,0,0,0,0,1,0,0,0,0,0,0.0,0.0,exasol
RRDtool,Time Series,Time Series DBMS,https://db-engines.com/en/system/RRDtool,oss.oetiker.ch/rrdtool,Y,,oetiker/rrdtool-1.x,1.48,153,oetiker,rrdtool-1.x,Tobias Oetiker,1999,2022,Y,GPL V2 and FLOSS,N,0,0,0,0,0,0,0,0,0,0,0,0,0,0,0,1,0,0,0.0,0.0,rrdtool
GridDB,Time Series,"Time Series DBMS,Key-value store,Relational DBMS",https://db-engines.com/en/system/GridDB,griddb.net,Y,,griddb/griddb,1.46,154,griddb,griddb,Toshiba Corporation,2013,2022,Y,"AGPL version 3 and Apache License, version 2.0 , commercial license (standard and advanced editions) also available",N,0,0,0,0,0,1,0,0,0,0,0,0,1,0,0,1,0,0,0.0,0.0,griddb
SurrealDB,Document,"Document store,Graph DBMS",https://db-engines.com/en/system/SurrealDB,surrealdb.com,Y,,surrealdb/surrealdb,1.45,155,surrealdb,surrealdb,SurrealDB Ltd,2022,2024,Y,,N,0,0,1,0,1,0,0,0,0,0,0,0,0,0,0,0,0,0,0.0,0.0,surrealdb
Meilisearch,Search Engine,"Search engine,Vector DBMS",https://db-engines.com/en/system/Meilisearch,"github.com/meilisearch/meilisearch,www.meilisearch.com",Y,,meilisearch/meilisearch,1.44,156,meilisearch,meilisearch,,2020,,Y,MIT License,N,0,0,0,0,0,0,0,0,0,0,0,0,0,1,0,0,1,0,0.0,0.0,meilisearch
BaseX,Native XML,Native XML DBMS,https://db-engines.com/en/system/BaseX,basex.org,Y,,BaseXdb/basex,1.42,157,BaseXdb,basex,BaseX GmbH,2007,2024,Y,BSD license,N,0,0,0,0,0,0,0,1,0,0,0,0,0,0,0,0,0,0,0.0,0.0,basex
OpenTSDB,Time Series,Time Series DBMS,https://db-engines.com/en/system/OpenTSDB,opentsdb.net,Y,,OpenTSDB/opentsdb,1.42,158,OpenTSDB,opentsdb,currently maintained by Yahoo and other contributors,2011,,Y,LGPL,N,0,0,0,0,0,0,0,0,0,0,0,0,0,0,0,1,0,0,0.0,0.0,opentsdb
D3,Multivalue,Multivalue DBMS,https://db-engines.com/en/system/D3,www.rocketsoftware.com/products/rocket-multivalue-application-development-platform/rocket-d3,N,,-,1.41,159,-,-,"Rocket, formerly TigerLogic",1999,,N,,N,0,0,0,0,0,0,1,0,0,0,0,0,0,0,0,0,0,0,0.0,0.0,d3
jBASE,Multivalue,Multivalue DBMS,https://db-engines.com/en/system/jBASE,www.rocketsoftware.com/products/rocket-multivalue-application-development-platform/rocket-jbase,N,,-,1.38,160,-,-,Rocket Software (formerly Zumasys),1991,,N,,N,0,0,0,0,0,0,1,0,0,0,0,0,0,0,0,0,0,0,0.0,0.0,jbase
GridGain,Columnar,"Columnar,Key-value store,Object oriented DBMS,Relational DBMS",https://db-engines.com/en/system/GridGain,www.gridgain.com,Y_CommunityEdition,,gridgain/gridgain,1.34,161,gridgain,gridgain,"GridGain Systems, Inc.",2007,,"commercial, open source",,N,1,0,0,0,0,1,0,0,0,0,1,0,1,0,0,0,0,0,0.0,0.0,gridgain
TDSQL for MySQL,Relational,"Relational DBMS,Document store,Spatial DBMS",https://db-engines.com/en/system/TDSQL+for+MySQL,www.tencentcloud.com/products/dcdb,N,,-,1.3,162,-,-,Tencent,2013,,N,,Y,0,0,1,0,0,0,0,0,0,0,0,0,1,0,1,0,0,0,1.0,0.0,tdsql-for-mysql
Geode,Key-value,Key-value store,https://db-engines.com/en/system/Geode,geode.apache.org,Y,,apache/geode,1.28,163,apache,geode,Originally developed by Gemstone. They outsourced the project to Apache in 2015 but still deliver a commercial version as Gemfire.,2002,2017,Y,Apache Version 2; commercial licenses available as Gemfire,N,0,0,0,0,0,1,0,0,0,0,0,0,0,0,0,0,0,0,0.0,0.0,geode
HFSQL,Relational,Relational DBMS,https://db-engines.com/en/system/HFSQL,windev.com/pcsoft/hfsql.htm,N,,-,1.27,164,-,-,PC Soft,,,N,,N,0,0,0,0,0,0,0,0,0,0,0,0,1,0,0,0,0,0,0.0,0.0,hfsql
Tarantool,Document,"Document store,Key-value store,Relational DBMS,Spatial DBMS",https://db-engines.com/en/system/Tarantool,www.tarantool.io,Y,,tarantool/tarantool,1.27,165,tarantool,tarantool,VK,2008,2022,Y,"BSD-2, source-available extensions (modules), commercial licenses for Tarantool Enterprise",N,0,0,1,0,0,1,0,0,0,0,0,0,1,0,1,0,0,0,1.0,0.0,tarantool
Amazon Timestream,Time Series,Time Series DBMS,https://db-engines.com/en/system/Amazon+Timestream,aws.amazon.com/timestream,N,,-,1.26,166,-,-,,2018,,N,,Y,0,0,0,0,0,0,0,0,0,0,0,0,0,0,0,1,0,0,0.0,0.0,amazon-timestream
Dgraph,Graph,Graph DBMS,https://db-engines.com/en/system/Dgraph,dgraph.io,Y,Y,dgraph-io/dgraph,1.25,167,dgraph-io,dgraph,"Dgraph Labs, Inc.",2016,,Y,Apache 2.0,N,0,0,0,0,1,0,0,0,0,0,0,0,0,0,0,0,0,0,0.0,0.0,dgraph
Empress,Relational,Relational DBMS,https://db-engines.com/en/system/Empress,www.empress.com,N,,-,1.25,168,-,-,,1981,2010,N,,N,0,0,0,0,0,0,0,0,0,0,0,0,1,0,0,0,0,0,0.0,0.0,empress
Actian NoSQL Database,Object Oriented,Object oriented DBMS,https://db-engines.com/en/system/Actian+NoSQL+Database,www.actian.com/databases/nosql,N,,-,1.24,169,-,-,Actian,1988,2017,N,,N,0,0,0,0,0,0,0,0,0,0,1,0,0,0,0,0,0,0,0.0,0.0,actian-nosql-database
VoltDB,Relational,Relational DBMS,https://db-engines.com/en/system/VoltDB,www.voltdb.com,Y,Y,VoltDB/voltdb,1.21,170,VoltDB,voltdb,VoltDB Inc.,2010,2022,Y,"AGPL for Community Edition, commercial license for Enterprise, AWS, and Pro Editions",N,0,0,0,0,0,0,0,0,0,0,0,0,1,0,0,0,0,0,0.0,0.0,voltdb
Apache Kylin,Relational,Relational DBMS,https://db-engines.com/en/system/Apache+Kylin,kylin.apache.org,Y,Y,apache/kylin,1.18,171,apache,kylin,"Apache Software Foundation, originally contributed from eBay Inc",2015,2020,Y,Apache Version 2.0,N,0,0,0,0,0,0,0,0,0,0,0,0,1,0,0,0,0,0,0.0,0.0,apache-kylin
ObjectBox,Object Oriented,"Object oriented DBMS,Vector DBMS,Time Series DBMS",https://db-engines.com/en/system/ObjectBox,"github.com/objectbox,objectbox.io",Y,,objectbox/objectbox-java,1.17,172,objectbox,objectbox-java,ObjectBox Limited,2017,2024,Y,Apache License 2.0,N,0,0,0,0,0,0,0,0,0,0,1,0,0,0,0,1,1,0,0.0,0.0,objectbox
Arc,Time Series,Time Series DBMS,https://db-engines.com/en/system/Arc,basekick.net,,,,1.17,173,,,,,,agpl-3.0,,,0,0,0,0,0,0,0,0,0,0,0,0,0,0,0,1,0,0,,,arc
Typesense,Search Engine,Search engine,https://db-engines.com/en/system/Typesense,typesense.org,Y,,typesense/typesense,1.17,174,typesense,typesense,,2015,,Y,GPL V3,N,0,0,0,0,0,0,0,0,0,0,0,0,0,1,0,0,0,0,0.0,0.0,typesense
Mnesia,Document,Document store,https://db-engines.com/en/system/Mnesia,erlang.org/doc/man/mnesia.html,Y,,beardedeagle/mnesiac,1.15,175,beardedeagle,mnesiac,Ericsson,1999,2018,Y,proprietary license,N,0,0,1,0,0,0,0,0,0,0,0,0,0,0,0,0,0,0,0.0,0.0,mnesia
Db4o,Object Oriented,Object oriented DBMS,https://db-engines.com/en/system/Db4o,sourceforge.net/projects/db4o,Y,,iboxdb/db4o-gpl,1.15,176,iboxdb,db4o-gpl,,2001,,Y,commercial license available for existing customers only,N,0,0,0,0,0,0,0,0,0,0,1,0,0,0,0,0,0,0,0.0,0.0,db4o
HEAVY.AI,Relational,"Relational DBMS,Spatial DBMS",https://db-engines.com/en/system/HEAVY.AI,"github.com/heavyai/heavydb,www.heavy.ai",Y,Y,heavyai/heavydb,1.13,177,heavyai,heavydb,"HEAVY.AI, Inc.",2016,2022,Y,Apache Version 2; enterprise edition available,N,0,0,0,0,0,0,0,0,0,0,0,0,1,0,1,0,0,0,1.0,0.0,heavyai
IBM Db2 warehouse,Relational,Relational DBMS,https://db-engines.com/en/system/IBM+Db2+warehouse,www.ibm.com/products/db2/warehouse,N,,-,1.12,178,-,-,IBM,2014,,N,,Y,0,0,0,0,0,0,0,0,0,0,0,0,1,0,0,0,0,0,0.0,0.0,ibm-db2-warehouse
LiteDB,Document,Document store,https://db-engines.com/en/system/LiteDB,www.litedb.org,Y,,mbdavid/LiteDB,1.12,179,mbdavid,LiteDB,Mauricio David,2014,,Y,MIT License,N,0,0,1,0,0,0,0,0,0,0,0,0,0,0,0,0,0,0,0.0,0.0,litedb
Amazon Keyspaces,Wide column,Wide column store,https://db-engines.com/en/system/Amazon+Keyspaces,aws.amazon.com/keyspaces,N,,-,1.1,180,-,-,Amazon,2019,,N,,Y,0,0,0,0,0,0,0,0,0,0,0,0,0,0,0,0,0,1,0.0,0.0,amazon-keyspaces
ObjectStore,Object Oriented,Object oriented DBMS,https://db-engines.com/en/system/ObjectStore,ignitetech.com/softwarelibrary/objectstore,N,,-,1.09,182,-,-,Ignite Technologies,1988,2014,N,,N,0,0,0,0,0,0,0,0,0,0,1,0,0,0,0,0,0,0,0.0,0.0,objectstore
FoundationDB,Document,"Document store,Key-value store,Relational DBMS",https://db-engines.com/en/system/FoundationDB,github.com/apple/foundationdb,Y,,apple/foundationdb,1.07,183,apple,foundationdb,FoundationDB,2013,2020,Y,Apache 2.0,N,0,0,1,0,0,1,0,0,0,0,0,0,1,0,0,0,0,0,0.0,0.0,foundationdb
Tibero,Relational,Relational DBMS,https://db-engines.com/en/system/Tibero,www.tmaxsoft.com/en/solution/view?solutionSeq=55,N,,-,1.07,184,-,-,TmaxTibero,2003,2022,N,,N,0,0,0,0,0,0,0,0,0,0,0,0,1,0,0,0,0,0,0.0,0.0,tibero
openGauss,Relational,"Relational DBMS,Document store,Spatial DBMS",https://db-engines.com/en/system/openGauss,"gitee.com/opengauss,opengauss.org",Y,,opengauss-mirror/openGauss-server,1.05,185,opengauss-mirror,openGauss-server,Huawei and openGauss community,2019,2022,Y,,N,0,0,1,0,0,0,0,0,0,0,0,0,1,0,1,0,0,0,1.0,0.0,opengauss
TimesTen,Relational,Relational DBMS,https://db-engines.com/en/system/TimesTen,www.oracle.com/database/technologies/related/timesten.html,N,,-,1.05,186,-,-,Oracle,1998,,N,,N,0,0,0,0,0,0,0,0,0,0,0,0,1,0,0,0,0,0,0.0,0.0,timesten
Datameer,Document,Document store,https://db-engines.com/en/system/Datameer,www.datameer.com,N,,-,1.04,187,-,-,,2009,,N,,N,0,0,1,0,0,0,0,0,0,0,0,0,0,0,0,0,0,0,0.0,0.0,datameer
SQLBase,Relational,Relational DBMS,https://db-engines.com/en/system/SQLBase,www.opentext.com/products/gupta-sqlbase,N,,-,1.04,188,-,-,Open Text,1985,,N,,N,0,0,0,0,0,0,0,0,0,0,0,0,1,0,0,0,0,0,0.0,0.0,sqlbase
KurrentDB (aka EventStoreDB),Event,"Event Store,Document store,Time Series DBMS",https://db-engines.com/en/system/KurrentDB+%28aka+EventStoreDB%29,www.kurrent.io,,,,1.03,189,,,"Kurrent, Inc. (aka EventStoreDB)",2012,2025,source available,,N,0,0,1,1,0,0,0,0,0,0,0,0,0,0,0,1,0,0,,,kurrentdb-aka-eventstoredb
Giraph,Graph,Graph DBMS,https://db-engines.com/en/system/Giraph,giraph.apache.org,Y,,apache/giraph,1.01,190,apache,giraph,,2013,2020,Y,Apache Version 2,N,0,0,0,0,1,0,0,0,0,0,0,0,0,0,0,0,0,0,0.0,0.0,giraph
Alibaba Cloud MaxCompute,Relational,Relational DBMS,https://db-engines.com/en/system/Alibaba+Cloud+MaxCompute,www.alibabacloud.com/product/maxcompute,N,,-,0.99,191,-,-,Alibaba,2016,,N,,Y,0,0,0,0,0,0,0,0,0,0,0,0,1,0,0,0,0,0,0.0,0.0,alibaba-cloud-maxcompute
Dolt,Relational,"Relational DBMS,Document store",https://db-engines.com/en/system/Dolt,"github.com/dolthub/dolt,www.dolthub.com",Y,Y,dolthub/dolt,0.99,192,dolthub,dolt,DoltHub Inc,2018,,Y,Apache Version 2.0,N,0,0,1,0,0,0,0,0,0,0,0,0,1,0,0,0,0,0,0.0,0.0,dolt
NonStop SQL,Relational,Relational DBMS,https://db-engines.com/en/system/NonStop+SQL,www.hpe.com/us/en/servers/nonstop.html,N,,-,0.96,193,-,-,"HP, originally by Tandem",1987,,N,,N,0,0,0,0,0,0,0,0,0,0,0,0,1,0,0,0,0,0,0.0,0.0,nonstop-sql
Vespa,Search Engine,"Search engine,Vector DBMS",https://db-engines.com/en/system/Vespa,vespa.ai,Y,,vespa-engine/vespa,0.94,194,vespa-engine,vespa,Yahoo,,,Y,Apache-2.0 license,N,0,0,0,0,0,0,0,0,0,0,0,0,0,1,0,0,1,0,0.0,1.0,vespa
Xapian,Search Engine,Search engine,https://db-engines.com/en/system/Xapian,xapian.org,Y,,xapian/xapian,0.93,195,xapian,xapian,,1986,2024,Y,GPLv2,N,0,0,0,0,0,0,0,0,0,0,0,0,0,1,0,0,0,0,0.0,0.0,xapian
GT.M,Key-value,Key-value store,https://db-engines.com/en/system/GT.M,sourceforge.net/projects/fis-gtm,N,,-,0.9,196,-,-,,1986,2021,N,,N,0,0,0,0,0,1,0,0,0,0,0,0,0,0,0,0,0,0,0.0,0.0,gtm
GigaSpaces,Document,"Document store,Object oriented DBMS,Graph DBMS,Search engine",https://db-engines.com/en/system/GigaSpaces,www.gigaspaces.com,N_Image_Gigaspaces/docker,Y,-,0.89,197,-,-,Gigaspaces Technologies,2000,2020,Y,Apache Version 2; Commercial licenses available,N,0,0,1,0,1,0,0,0,0,0,1,0,0,1,0,0,0,0,0.0,0.0,gigaspaces
DataEase,Relational,Relational DBMS,https://db-engines.com/en/system/DataEase,www.dataease.com,N,,-,0.88,198,-,-,,1981,,N,,N,0,0,0,0,0,0,0,0,0,0,0,0,1,0,0,0,0,0,0.0,0.0,dataease
mSQL,Relational,Relational DBMS,https://db-engines.com/en/system/mSQL,hughestech.com.au/products/msql,N,,-,0.87,199,-,-,Hughes Technologies,1994,2021,N,free licenses can be provided,N,0,0,0,0,0,0,0,0,0,0,0,0,1,0,0,0,0,0,0.0,0.0,msql
M3DB,Time Series,Time Series DBMS,https://db-engines.com/en/system/M3DB,m3db.io,Y,,m3db/m3,0.87,200,m3db,m3,,,,Y,Apache version 2,N,0,0,0,0,0,0,0,0,0,0,0,0,0,0,0,1,0,0,0.0,0.0,m3db
Apache HAWQ,Relational,Relational DBMS,https://db-engines.com/en/system/Apache+HAWQ,hawq.apache.org,Y,,apache/hawq,0.86,201,apache,hawq,Pivotal Software; Apache,2012,,Y,,N,0,0,0,0,0,0,0,0,0,0,0,0,1,0,0,0,0,0,0.0,0.0,apache-hawq
Oracle Rdb,Relational,Relational DBMS,https://db-engines.com/en/system/Oracle+Rdb,www.oracle.com/database/technologies/related/rdb.html,N,,-,0.83,202,-,-,"Oracle, originally developed by Digital Equipment Corporation (DEC)",1984,2021,N,,N,0,0,0,0,0,0,0,0,0,0,0,0,1,0,0,0,0,0,0.0,0.0,oracle-rdb
NCache,Key-value,"Key-value store,Document store,Search engine",https://db-engines.com/en/system/NCache,www.alachisoft.com/ncache,Y,,Alachisoft/NCache,0.82,203,Alachisoft,NCache,Alachisoft,2005,2024,Y,Enterprise Edition available,N,0,0,1,0,0,1,0,0,0,0,0,0,0,1,0,0,0,0,0.0,0.0,ncache
Cubrid,Relational,Relational DBMS,https://db-engines.com/en/system/Cubrid,"cubrid.com,(korean),cubrid.org,(english)",Y,,CUBRID/cubrid,0.81,204,CUBRID,cubrid,"CUBRID Corporation, CUBRID Foundation",2008,2025,Y,Apache Version 2.0,N,0,0,0,0,0,0,0,0,0,0,0,0,1,0,0,0,0,0,0.0,0.0,cubrid
Alibaba Cloud AnalyticDB for MySQL,Relational,"Relational DBMS,Document store",https://db-engines.com/en/system/Alibaba+Cloud+AnalyticDB+for+MySQL,www.alibabacloud.com/product/analyticdb-for-mysql,N,,-,0.8,205,-,-,Alibaba,,,N,,Y,0,0,1,0,0,0,0,0,0,0,0,0,1,0,0,0,0,0,0.0,0.0,alibaba-cloud-analyticdb-for-mysql
IDMS,Navigational,Navigational DBMS,https://db-engines.com/en/system/IDMS,www.broadcom.com/products/mainframe/databases-database-mgmt/idms,N,,-,0.75,206,-,-,Broadcom (formerly CA Technologies),1973,,N,,N,0,0,0,0,0,0,0,0,1,0,0,0,0,0,0,0,0,0,0.0,0.0,idms
Sedna,Native XML,Native XML DBMS,https://db-engines.com/en/system/Sedna,sourceforge.net/projects/sedna,Y,,sedna/sedna,0.75,207,sedna,sedna,,2006,,Y,Apache Version 2,N,0,0,0,0,0,0,0,1,0,0,0,0,0,0,0,0,0,0,0.0,0.0,sedna
Altibase,Relational,Relational DBMS,https://db-engines.com/en/system/Altibase,altibase.com,Y,,ALTIBASE/altibase,0.74,208,ALTIBASE,altibase,Altibase,1999,2023,N,Open source edition discontinued with March 2023,N,0,0,0,0,0,0,0,0,0,0,0,0,1,0,0,0,0,0,0.0,0.0,altibase
HPE Ezmeral Data Fabric,Document,"Document store,Wide column store",https://db-engines.com/en/system/HPE+Ezmeral+Data+Fabric,www.hpe.com/us/en/software/data-fabric.html,N,,-,0.74,209,-,-,"HPE, MapR Technologies, Inc",2009,,N,,N,0,0,1,0,0,0,0,0,0,0,0,0,0,0,0,0,0,1,0.0,0.0,hpe-ezmeral-data-fabric
RisingWave,Relational,Relational DBMS,https://db-engines.com/en/system/RisingWave,www.risingwave.com,Y,,risingwavelabs/risingwave,0.73,210,risingwavelabs,risingwave,RisingWave Labs,2022,2025,Y,Apache Version 2.0,N,0,0,0,0,0,0,0,0,0,0,0,0,1,0,0,0,0,0,0.0,,risingwave
NuoDB,Relational,Relational DBMS,https://db-engines.com/en/system/NuoDB,www.3ds.com/nuodb-distributed-sql-database,N,,-,0.73,211,-,-,Dassault Systèmes,2013,,N,limited edition free,N,0,0,0,0,0,0,0,0,0,0,0,0,1,0,0,0,0,0,0.0,0.0,nuodb
KeyDB,Key-value,Key-value store,https://db-engines.com/en/system/KeyDB,"github.com/Snapchat/KeyDB,keydb.dev",Y,,Snapchat/KeyDB,0.72,212,Snapchat,KeyDB,EQ Alpha Technology Ltd.,2019,,Y,BSD-3,N,0,0,0,0,0,1,0,0,0,0,0,0,0,0,0,0,0,0,0.0,0.0,keydb
GeoMesa,Spatial,Spatial DBMS,https://db-engines.com/en/system/GeoMesa,www.geomesa.org,Y,,geomesa/geomesa-geoserver,0.72,213,geomesa,geomesa-geoserver,CCRi and others,2014,2024,Y,Apache License 2.0,N,0,0,0,0,0,0,0,0,0,0,0,0,0,0,1,0,0,0,1.0,0.0,geomesa
AllegroGraph,Document,"Document store,Graph DBMS,RDF store,Vector DBMS,Spatial DBMS",https://db-engines.com/en/system/AllegroGraph,allegrograph.com,N,,-,0.72,214,-,-,Franz Inc.,2004,2023,N,Limited community edition free,N,0,0,1,0,1,0,0,0,0,0,0,1,0,0,1,0,1,0,1.0,0.0,allegrograph
Yellowbrick,Relational,Relational DBMS,https://db-engines.com/en/system/Yellowbrick,yellowbrick.com,N,,-,0.71,215,-,-,Yellowbrick Data,,,N,,N,0,0,0,0,0,0,0,0,0,0,0,0,1,0,0,0,0,0,0.0,0.0,yellowbrick
Blazegraph,Graph,"Graph DBMS,RDF store",https://db-engines.com/en/system/Blazegraph,blazegraph.com,Y,,blazegraph/database,0.7,216,blazegraph,database,Blazegraph,2006,2019,Y,extended commercial license available,N,0,0,0,0,1,0,0,0,0,0,0,1,0,0,0,0,0,0,0.0,0.0,blazegraph
ZODB,Key-value,Key-value store,https://db-engines.com/en/system/ZODB,zodb.org,Y,,zopefoundation/ZODB,0.7,217,zopefoundation,ZODB,,2009,2023,Y,,N,0,0,0,0,0,1,0,0,0,0,0,0,0,0,0,0,0,0,0.0,0.0,zodb
Infobright,Relational,Relational DBMS,https://db-engines.com/en/system/Infobright,ignitetech.com/softwarelibrary/infobrightdb,N,,-,0.7,218,-,-,Ignite Technologies Inc.; formerly InfoBright Inc.,2005,,N,The open source (GPLv2) version did not support inserts/updates/deletes and was discontinued with July 2016,N,0,0,0,0,0,0,0,0,0,0,0,0,1,0,0,0,0,0,0.0,0.0,infobright
BigchainDB,Document,Document store,https://db-engines.com/en/system/BigchainDB,www.bigchaindb.com,Y,,bigchaindb/bigchaindb,0.68,219,bigchaindb,bigchaindb,,2016,,Y,AGPL v3,N,0,0,1,0,0,0,0,0,0,0,0,0,0,0,0,0,0,0,0.0,0.0,bigchaindb
Model 204,Multivalue,Multivalue DBMS,https://db-engines.com/en/system/Model+204,www.rocketsoftware.com/products/rocket-m204,N,,-,0.67,220,-,-,,1972,,N,,N,0,0,0,0,0,0,1,0,0,0,0,0,0,0,0,0,0,0,0.0,0.0,model-204
Apache Sedona,Spatial,Spatial DBMS,https://db-engines.com/en/system/Apache+Sedona,sedona.apache.org,Y,,apache/sedona,0.65,221,apache,sedona,Apache Software Foundation and contributors,2020,,Y,Apache Version 2.0,N,0,0,0,0,0,0,0,0,0,0,0,0,0,0,1,0,0,0,1.0,,apache-sedona
MatrixOne,Relational,Relational DBMS,https://db-engines.com/en/system/MatrixOne,www.matrixorigin.io,Y,,matrixorigin/matrixone,0.63,222,matrixorigin,matrixone,,2021,,Y,Apache Version 2.0,N,0,0,0,0,0,0,0,0,0,0,0,0,1,0,0,0,0,0,0.0,0.0,matrixone
Actian Vector,Relational,Relational DBMS,https://db-engines.com/en/system/Actian+Vector,www.actian.com/analytic-database/vector-analytic-database,N,,-,0.62,223,-,-,,,2016,N,,N,0,0,0,0,0,0,0,0,0,0,0,0,1,0,0,0,0,0,0.0,0.0,actian-vector
SciDB,Multivalue,Multivalue DBMS,https://db-engines.com/en/system/SciDB,paradigm4.com,Y,,cran/scidb,0.62,224,cran,scidb,Paradigm4,2008,,Y,,N,0,0,0,0,0,0,1,0,0,0,0,0,0,0,0,0,0,0,0.0,0.0,scidb
RDF4J,RDF,RDF store,https://db-engines.com/en/system/RDF4J,rdf4j.org,Y,Y,eclipse/rdf4j,0.62,225,eclipse,rdf4j,"Since 2016 officially forked into an Eclipse project, former developer was Aduna Software.",2004,,Y,"Eclipse Distribution License (EDL), v1.0.",N,0,0,0,0,0,0,0,0,0,0,0,1,0,0,0,0,0,0,0.0,0.0,rdf4j
Graph Engine,Graph,"Graph DBMS,Key-value store",https://db-engines.com/en/system/Graph+Engine,www.graphengine.io,Y,,microsoft/GraphEngine,0.62,226,microsoft,GraphEngine,Microsoft,2010,,Y,MIT License,N,0,0,0,0,1,1,0,0,0,0,0,0,0,0,0,0,0,0,0.0,0.0,graph-engine
eXist-db,Native XML,Native XML DBMS,https://db-engines.com/en/system/eXist-db,exist-db.org,Y,,eXist-db/exist,0.61,227,eXist-db,exist,,2000,,Y,L-GPL,N,0,0,0,0,0,0,0,1,0,0,0,0,0,0,0,0,0,0,0.0,0.0,exist-db
Alibaba Cloud AnalyticDB for PostgreSQL,Relational,Relational DBMS,https://db-engines.com/en/system/Alibaba+Cloud+AnalyticDB+for+PostgreSQL,www.alibabacloud.com/product/hybriddb-postgresql,N,,-,0.61,228,-,-,Alibaba / Pivotal Software Inc. / PostgreSQL Global Development Group,2016,,N,,Y,0,0,0,0,0,0,0,0,0,0,0,0,1,0,0,0,0,0,0.0,0.0,alibaba-cloud-analyticdb-for-postgresql
Datacom/DB,Relational,Relational DBMS,https://db-engines.com/en/system/Datacom%2FDB,www.broadcom.com/products/mainframe/databases-database-mgmt/datacom,N,,-,0.6,229,-,-,Broadcom (formerly CA),1972,,N,,N,0,0,0,0,0,0,0,0,0,0,0,0,1,0,0,0,0,0,0.0,0.0,datacom-db
TypeDB,Graph,"Graph DBMS,Object oriented DBMS,Relational DBMS",https://db-engines.com/en/system/TypeDB,typedb.com,Y,,vaticle/typedb,0.59,230,vaticle,typedb,TypeDB,2016,2025,Y,"GPL Version 3, commercial licenses available",N,0,0,0,0,1,0,0,0,0,0,1,0,1,0,0,0,0,0,0.0,0.0,typedb
Kinetica,Relational,"Relational DBMS,Spatial DBMS,Time Series DBMS",https://db-engines.com/en/system/Kinetica,www.kinetica.com,N,,-,0.58,231,-,-,Kinetica,2012,2021,N,,N,0,0,0,0,0,0,0,0,0,0,0,0,1,0,1,1,0,0,1.0,0.0,kinetica
CrateDB,Document,"Document store,Spatial DBMS,Search engine,Time Series DBMS,Vector DBMS,Relational DBMS",https://db-engines.com/en/system/CrateDB,cratedb.com,Y,,crate/crate,0.57,232,crate,crate,Crate,2013,2024,Y,,N,0,0,1,0,0,0,0,0,0,0,0,0,1,1,1,1,1,0,1.0,0.0,cratedb
R:BASE,Relational,Relational DBMS,https://db-engines.com/en/system/R%3ABASE,www.rbase.com,N,,-,0.57,233,-,-,,1981,,N,,N,0,0,0,0,0,0,0,0,0,0,0,0,1,0,0,0,0,0,0.0,0.0,r-base
SQream DB,Relational,Relational DBMS,https://db-engines.com/en/system/SQream+DB,sqream.com,N,,-,0.56,234,-,-,SQream Technologies,2017,2022,N,,N,0,0,0,0,0,0,0,0,0,0,0,0,1,0,0,0,0,0,0.0,0.0,sqream-db
Firebolt,Relational,Relational DBMS,https://db-engines.com/en/system/Firebolt,www.firebolt.io,Y,,firebolt-db/firebolt-python-sdk,0.56,235,firebolt-db,firebolt-python-sdk,Firebolt Analytics Inc.,2020,,N,,Y,0,0,0,0,0,0,0,0,0,0,0,0,1,0,0,0,0,0,0.0,0.0,firebolt
Apache Pinot,Relational,Relational DBMS,https://db-engines.com/en/system/Apache+Pinot,pinot.apache.org,Y,N,apache/pinot,0.56,236,apache,pinot,Apache Software Foundation and contributors,2015,2023,Y,Apache Version 2.0,N,0,0,0,0,0,0,0,0,0,0,0,0,1,0,0,0,0,0,0.0,0.0,apache-pinot
Dragonfly,Key-value,Key-value store,https://db-engines.com/en/system/Dragonfly,"github.com/dragonflydb/dragonfly,www.dragonflydb.io",Y,,dragonflydb/dragonfly,0.55,237,dragonflydb,dragonfly,DragonflyDB team and community contributors,2023,2023,Y,BSL 1.1,N,0,0,0,0,0,1,0,0,0,0,0,0,0,0,0,0,0,0,0.0,0.0,dragonfly
BoltDB,Key-value,Key-value store,https://db-engines.com/en/system/BoltDB,github.com/boltdb/bolt,Y_archivedas_boltdb/bolt,N,boltdb/bolt,0.54,238,boltdb,bolt,,2013,,Y,MIT License,N,0,0,0,0,0,1,0,0,0,0,0,0,0,0,0,0,0,0,0.0,0.0,boltdb
Objectivity/DB,Object Oriented,Object oriented DBMS,https://db-engines.com/en/system/Objectivity%2FDB,objectivity.com/products/objectivitydb,N,,-,0.54,239,-,-,,1990,,N,,N,0,0,0,0,0,0,0,0,0,0,1,0,0,0,0,0,0,0,0.0,0.0,objectivity-db
Splice Machine,Relational,Relational DBMS,https://db-engines.com/en/system/Splice+Machine,splicemachine.com,Y,,splicemachine/spliceengine,0.54,240,splicemachine,spliceengine,Splice Machine,2014,2021,Y,"AGPL 3.0, commercial license available",N,0,0,0,0,0,0,0,0,0,0,0,0,1,0,0,0,0,0,0.0,0.0,splice-machine
DBISAM,Relational,Relational DBMS,https://db-engines.com/en/system/DBISAM,www.elevatesoft.com/products?category=dbisam,N,,-,0.54,241,-,-,"Elevate Software, Inc.",1998,,N,,N,0,0,0,0,0,0,0,0,0,0,0,0,1,0,0,0,0,0,0.0,0.0,dbisam
1010data,Relational,Relational DBMS,https://db-engines.com/en/system/1010data,www.1010data.com,N,,-,0.53,242,-,-,,2000,,N,,N,0,0,0,0,0,0,0,0,0,0,0,0,1,0,0,0,0,0,0.0,0.0,1010data
solidDB,Relational,Relational DBMS,https://db-engines.com/en/system/solidDB,teamblue.unicomsi.com/products/soliddb,N,,-,0.53,243,-,-,"Unicom Systems, Inc; IBM",1992,,N,,N,0,0,0,0,0,0,0,0,0,0,0,0,1,0,0,0,0,0,0.0,0.0,soliddb
ObjectDB,Object Oriented,Object oriented DBMS,https://db-engines.com/en/system/ObjectDB,www.objectdb.com,N,,-,0.52,244,-,-,,2010,2024,N,,N,0,0,0,0,0,0,0,0,0,0,1,0,0,0,0,0,0,0,0.0,0.0,objectdb
Perst,Object Oriented,Object oriented DBMS,https://db-engines.com/en/system/Perst,www.mcobject.com/perst,Y,,The-Alchemist/perst,0.52,245,The-Alchemist,perst,,2003,,Y,commercial license available,N,0,0,0,0,0,0,0,0,0,0,1,0,0,0,0,0,0,0,0.0,0.0,perst
KairosDB,Time Series,Time Series DBMS,https://db-engines.com/en/system/KairosDB,github.com/kairosdb/kairosdb,Y,,kairosdb/kairosdb,0.5,246,kairosdb,kairosdb,,2013,2018,Y,Apache 2.0,N,0,0,0,0,0,0,0,0,0,0,0,0,0,0,0,1,0,0,0.0,0.0,kairosdb
Percona Server for MongoDB,Document,Document store,https://db-engines.com/en/system/Percona+Server+for+MongoDB,www.percona.com/mongodb/software/percona-server-for-mongodb,Y_replacementfor_MongoDB,N,percona/percona-server-mongodb,0.48,247,percona,percona-server-mongodb,Percona,2015,2017,Y,GPL Version 2,N,0,0,1,0,0,0,0,0,0,0,0,0,0,0,0,0,0,0,0.0,0.0,percona-server-for-mongodb
Northgate Reality,Multivalue,Multivalue DBMS,https://db-engines.com/en/system/Northgate+Reality,reality.necsws.com,N,,-,0.48,248,-,-,,1973,,N,,N,0,0,0,0,0,0,1,0,0,0,0,0,0,0,0,0,0,0,0.0,0.0,northgate-reality
ITTIA,Time Series,"Time Series DBMS,Relational DBMS",https://db-engines.com/en/system/ITTIA,www.ittia.com,N,,-,0.48,249,-,-,ITTIA L.L.C.,2007,,N,,N,0,0,0,0,0,0,0,0,0,0,0,0,1,0,0,1,0,0,0.0,0.0,ittia
Scalaris,Key-value,Key-value store,https://db-engines.com/en/system/Scalaris,scalaris.zib.de,Y,N,scalaris-team/scalaris,0.47,250,scalaris-team,scalaris,,2010,,Y,Apache Version 2,N,0,0,0,0,0,1,0,0,0,0,0,0,0,0,0,0,0,0,0.0,0.0,scalaris
Alibaba Cloud Log Service,Search Engine,Search engine,https://db-engines.com/en/system/Alibaba+Cloud+Log+Service,www.alibabacloud.com/product/log-service,N,,-,0.46,251,-,-,AlibabaCloud Inc.,2016,,N,,Y,0,0,0,0,0,0,0,0,0,0,0,0,0,1,0,0,0,0,0.0,0.0,alibaba-cloud-log-service
atoti,Object Oriented,Object oriented DBMS,https://db-engines.com/en/system/atoti,atoti.io,Y_IssueTracking,,atoti/atoti,0.45,252,atoti,atoti,ActiveViam,,,N,free versions available,N,0,0,0,0,0,0,0,0,0,0,1,0,0,0,0,0,0,0,0.0,0.0,atoti
NexusDB,Relational,Relational DBMS,https://db-engines.com/en/system/NexusDB,www.nexusdb.com,N,,-,0.44,253,-,-,,2003,2021,N,,N,0,0,0,0,0,0,0,0,0,0,0,0,1,0,0,0,0,0,0.0,0.0,nexusdb
FrontBase,Relational,Relational DBMS,https://db-engines.com/en/system/FrontBase,www.frontbase.com,N,,-,0.44,254,-,-,,1993,2015,N,free licenses,N,0,0,0,0,0,0,0,0,0,0,0,0,1,0,0,0,0,0,0.0,0.0,frontbase
eXtremeDB,Time Series,"Time Series DBMS,Relational DBMS",https://db-engines.com/en/system/eXtremeDB,www.mcobject.com,N,,-,0.44,255,-,-,McObject,2001,2021,N,,N,0,0,0,0,0,0,0,0,0,0,0,0,1,0,0,1,0,0,0.0,0.0,extremedb
Kyligence Enterprise,Relational,Relational DBMS,https://db-engines.com/en/system/Kyligence+Enterprise,kyligence.io/kyligence-enterprise,N,,-,0.44,256,-,-,"Kyligence, Inc.",2016,,N,,N,0,0,0,0,0,0,0,0,0,0,0,0,1,0,0,0,0,0,0.0,0.0,kyligence-enterprise
ScaleArc,Relational,Relational DBMS,https://db-engines.com/en/system/ScaleArc,ignitetech.com/softwarelibrary/scalearc,N,,-,0.42,257,-,-,Ignite,2009,,N,limited edition free,N,0,0,0,0,0,0,0,0,0,0,0,0,1,0,0,0,0,0,0.0,0.0,scalearc
SQL.JS,Relational,Relational DBMS,https://db-engines.com/en/system/SQL.JS,sql.js.org,Y,,sql-js/sql.js,0.42,258,sql-js,sql.js,Alon Zakai,2012,,Y,,N,0,0,0,0,0,0,0,0,0,0,0,0,1,0,0,0,0,0,0.0,0.0,sqljs
WebSphere eXtreme Scale,Key-value,Key-value store,https://db-engines.com/en/system/WebSphere+eXtreme+Scale,www.ibm.com/products/ibm-websphere-extreme-scale,N,,-,0.42,259,-,-,,2009,,N,,N,0,0,0,0,0,1,0,0,0,0,0,0,0,0,0,0,0,0,0.0,0.0,websphere-extreme-scale
YDB,Document,"Document store,Relational DBMS",https://db-engines.com/en/system/YDB,"github.com/ydb-platform/ydb,ydb.tech",Y,N,ydb-platform/ydb,0.42,260,ydb-platform,ydb,Yandex,2019,,Y,Apache 2.0; commercial license available,N,0,0,1,0,0,0,0,0,0,0,0,0,1,0,0,0,0,0,0.0,0.0,ydb
MapDB,Key-value,Key-value store,https://db-engines.com/en/system/MapDB,mapdb.org,Y,,jankotek/mapdb,0.42,261,jankotek,mapdb,,2002,,Y,Apache Version 2,N,0,0,0,0,0,1,0,0,0,0,0,0,0,0,0,0,0,0,0.0,0.0,mapdb
Kingbase,Relational,"Relational DBMS,Document store,Spatial DBMS",https://db-engines.com/en/system/Kingbase,www.kingbase.com.cn,N,,-,0.4,262,-,-,BeiJing KINGBASE Information technologies inc.,1999,2021,N,,N,0,0,1,0,0,0,0,0,0,0,0,0,1,0,1,0,0,0,1.0,0.0,kingbase
Cloudflare Workers KV,Key-value,Key-value store,https://db-engines.com/en/system/Cloudflare+Workers+KV,www.cloudflare.com/developer-platform/workers-kv,N,,-,0.4,263,-,-,Cloudflare,2018,,N,,Y,0,0,0,0,0,1,0,0,0,0,0,0,0,0,0,0,0,0,0.0,0.0,cloudflare-workers-kv
OpenInsight,Multivalue,Multivalue DBMS,https://db-engines.com/en/system/OpenInsight,www.revelation.com/index.php/products/openinsight,N,,-,0.39,264,-,-,Revelation Software,1992,2018,N,,N,0,0,0,0,0,0,1,0,0,0,0,0,0,0,0,0,0,0,0.0,0.0,openinsight
Deep Lake,Vector,Vector DBMS,https://db-engines.com/en/system/Deep+Lake,"github.com/activeloopai/deeplake,www.activeloop.ai",Y,,activeloopai/deeplake,0.39,265,activeloopai,deeplake,Activeloop,,,Y,MPL-2.0 license,N,0,0,0,0,0,0,0,0,0,0,0,0,0,0,0,0,1,0,0.0,1.0,deep-lake
GemStone/S,Object Oriented,Object oriented DBMS,https://db-engines.com/en/system/GemStone%2FS,gemtalksystems.com,N,,-,0.38,266,-,-,,1986,,N,,N,0,0,0,0,0,0,0,0,0,0,1,0,0,0,0,0,0,0,0.0,0.0,gemstone-s
Elassandra,Wide column,"Wide column store,Search engine",https://db-engines.com/en/system/Elassandra,github.com/strapdata/elassandra,Y,,strapdata/elassandra,0.37,267,strapdata,elassandra,,,,Y,Apache Version 2.0,N,0,0,0,0,0,0,0,0,0,0,0,0,0,1,0,0,0,1,0.0,0.0,elassandra
Apache Doris,Relational,Relational DBMS,https://db-engines.com/en/system/Apache+Doris,doris.apache.org,Y,Y,apache/doris,0.36,268,apache,doris,"Apache Software Foundation, originally contributed from Baidu",2017,2026,Y,Apache Version 2.0,N,0,0,0,0,0,0,0,0,0,0,0,0,1,0,0,0,0,0,0.0,0.0,apache-doris
Alibaba Cloud TSDB,Time Series,Time Series DBMS,https://db-engines.com/en/system/Alibaba+Cloud+TSDB,www.alibabacloud.com/product/hitsdb,N,,-,0.36,269,-,-,Alibaba,,,N,,Y,0,0,0,0,0,0,0,0,0,0,0,0,0,0,0,1,0,0,0.0,0.0,alibaba-cloud-tsdb
Hibari,Key-value,Key-value store,https://db-engines.com/en/system/Hibari,github.com/hibari/hibari,Y,,hibari/hibari,0.35,270,hibari,hibari,,2005,,Y,Apache Version 2,N,0,0,0,0,0,1,0,0,0,0,0,0,0,0,0,0,0,0,0.0,0.0,hibari
RaptorDB,Document,Document store,https://db-engines.com/en/system/RaptorDB,github.com/mgholam/RaptorDB-Document,Y,,mgholam/RaptorDB-Document,0.35,271,mgholam,RaptorDB-Document,,,,Y,Apache Version 2,N,0,0,1,0,0,0,0,0,0,0,0,0,0,0,0,0,0,0,0.0,0.0,raptordb
Comdb2,Relational,Relational DBMS,https://db-engines.com/en/system/Comdb2,github.com/bloomberg/comdb2,Y,,bloomberg/comdb2,0.35,272,bloomberg,comdb2,Bloomberg Finance L.P.,2004,,Y,Apache 2.0,N,0,0,0,0,0,0,0,0,0,0,0,0,1,0,0,0,0,0,0.0,0.0,comdb2
Marqo,Search Engine,Search engine,https://db-engines.com/en/system/Marqo,"github.com/marqo-ai/marqo,www.marqo.ai",Y,,marqo-ai/marqo,0.35,273,marqo-ai,marqo,,2022,,Y,Apache Version 2.0,Y,0,0,0,0,0,0,0,0,0,0,0,0,0,1,0,0,0,0,0.0,0.0,marqo
Harper,Document,Document store,https://db-engines.com/en/system/Harper,www.harpersystems.dev,,,,0.34,274,,,HarperDB,2017,2021,N,free community edition available,N,0,0,1,0,0,0,0,0,0,0,0,0,0,0,0,0,0,0,,,harper
CnosDB,Time Series,Time Series DBMS,https://db-engines.com/en/system/CnosDB,"github.com/cnosdb/cnosdb,www.cnosdb.com",Y,,cnosdb/cnosdb,0.33,275,cnosdb,cnosdb,,2022,2023,Y,AGPL 3.0,N,0,0,0,0,0,0,0,0,0,0,0,0,0,0,0,1,0,0,0.0,0.0,cnosdb
VistaDB,Relational,Relational DBMS,https://db-engines.com/en/system/VistaDB,vistadb.com,N,,-,0.33,276,-,-,Gibraltar Software,2008,,N,,N,0,0,0,0,0,0,0,0,0,0,0,0,1,0,0,0,0,0,0.0,0.0,vistadb
LokiJS,Document,Document store,https://db-engines.com/en/system/LokiJS,github.com/techfort/LokiJS,Y,,techfort/LokiJS,0.33,277,techfort,LokiJS,,2014,,Y,,N,0,0,1,0,0,0,0,0,0,0,0,0,0,0,0,0,0,0,0.0,0.0,lokijs
AlaSQL,Document,"Document store,Relational DBMS",https://db-engines.com/en/system/AlaSQL,alasql.org,Y,,AlaSQL/alasql,0.32,278,AlaSQL,alasql,Andrey Gershun & Mathias R. Wulff,2014,,Y,MIT-License,N,0,0,1,0,0,0,0,0,0,0,0,0,1,0,0,0,0,0,0.0,0.0,alasql
Actian PSQL,Relational,Relational DBMS,https://db-engines.com/en/system/Actian+PSQL,www.actian.com/data-management/psql-embedded-database,N,,-,0.32,279,-,-,,1982,2021,N,,N,0,0,0,0,0,0,0,0,0,0,0,0,1,0,0,0,0,0,0.0,0.0,actian-psql
Databend,Relational,Relational DBMS,https://db-engines.com/en/system/Databend,"github.com/databendlabs/databend,www.databend.com",Y,,datafuselabs/databend,0.31,280,datafuselabs,databend,Databend Labs,2021,2026,Y,Apache Version 2.0,N,0,0,0,0,0,0,0,0,0,0,0,0,1,0,0,0,0,0,0.0,0.0,databend
SearchBlox,Search Engine,Search engine,https://db-engines.com/en/system/SearchBlox,www.searchblox.com,N,,-,0.3,281,-,-,,2003,,N,,N,0,0,0,0,0,0,0,0,0,0,0,0,0,1,0,0,0,0,0.0,0.0,searchblox
Rasdaman,Multivalue,Multivalue DBMS,https://db-engines.com/en/system/Rasdaman,www.rasdaman.org,Y,,dioptre/rasdaman,0.3,282,dioptre,rasdaman,,1998,2019,Y,extended commercial license available,N,0,0,0,0,0,0,1,0,0,0,0,0,0,0,0,0,0,0,0.0,0.0,rasdaman
Mimer SQL,Relational,Relational DBMS,https://db-engines.com/en/system/Mimer+SQL,www.mimer.com,N,,-,0.3,283,-,-,,1977,2024,N,,N,0,0,0,0,0,0,0,0,0,0,0,0,1,0,0,0,0,0,0.0,0.0,mimer-sql
Starcounter,Object Oriented,Object oriented DBMS,https://db-engines.com/en/system/Starcounter,starcounter.com,N,,-,0.29,284,-,-,,2006,2018,N,,N,0,0,0,0,0,0,0,0,0,0,1,0,0,0,0,0,0,0,0.0,0.0,starcounter
FalkorDB,Graph,Graph DBMS,https://db-engines.com/en/system/FalkorDB,www.falkordb.com,,,,0.28,285,,,FalkorDB Ltd,2023,,open source (ssplv1),,no (falkordb is available as falkor cloud),0,0,0,0,1,0,0,0,0,0,0,0,0,0,0,0,0,0,,,falkordb
Fluree,Graph,Graph DBMS,https://db-engines.com/en/system/Fluree,flur.ee,Y,,fluree/db,0.28,286,fluree,db,"Fluree, PBC",2018,,Y,open-sourced in October 2020,N,0,0,0,0,1,0,0,0,0,0,0,0,0,0,0,0,0,0,0.0,0.0,fluree
Sequoiadb,Document,"Document store,Relational DBMS",https://db-engines.com/en/system/Sequoiadb,www.sequoiadb.com,Y,,SequoiaDB/SequoiaDB,0.28,287,SequoiaDB,SequoiaDB,Sequoiadb Ltd.,2013,,Y,Server: AGPL; Client: Apache V2,N,0,0,1,0,0,0,0,0,0,0,0,0,1,0,0,0,0,0,0.0,0.0,sequoiadb
Postgres-XL,Relational,"Relational DBMS,Document store,Spatial DBMS",https://db-engines.com/en/system/Postgres-XL,www.postgres-xl.org,Y,,Postgres-XL/Postgres-XL,0.27,288,Postgres-XL,Postgres-XL,,2014,2018,Y,Mozilla public license,N,0,0,1,0,0,0,0,0,0,0,0,0,1,0,1,0,0,0,1.0,0.0,postgres-xl
InfiniteGraph,Graph,Graph DBMS,https://db-engines.com/en/system/InfiniteGraph,objectivity.com/infinitegraph,N,,-,0.27,289,-,-,,2010,,N,,N,0,0,0,0,1,0,0,0,0,0,0,0,0,0,0,0,0,0,0.0,0.0,infinitegraph
Strabon,RDF,RDF store,https://db-engines.com/en/system/Strabon,strabon.di.uoa.gr,Y,,esarbanis/strabon,0.27,290,esarbanis,strabon,,2011,,Y,Mozilla public license,N,0,0,0,0,0,0,0,0,0,0,0,1,0,0,0,0,0,0,0.0,0.0,strabon
Mulgara,RDF,RDF store,https://db-engines.com/en/system/Mulgara,www.mulgara.org,Y,,quoll/mulgara,0.27,291,quoll,mulgara,,2006,2012,Y,Apache Version 2,N,0,0,0,0,0,0,0,0,0,0,0,1,0,0,0,0,0,0,0.0,0.0,mulgara
ArcadeDB,Document,"Document store,Graph DBMS,Key-value store,Search engine,Time Series DBMS,Vector DBMS",https://db-engines.com/en/system/ArcadeDB,arcadedb.com,Y,,ArcadeData/arcadedb,0.27,292,ArcadeData,arcadedb,Arcade Data,2021,2026,Y,Apache Version 2.0,N,0,0,1,0,1,1,0,0,0,0,0,0,0,1,0,1,1,0,0.0,0.0,arcadedb
FeatureBase,Relational,Relational DBMS,https://db-engines.com/en/system/FeatureBase,www.featurebase.com,Y_CommunityEdition,,featurebasedb/featurebase,0.26,293,featurebasedb,featurebase,Molecula and Pilosa Open Source Contributors,2017,2022,N,,N,0,0,0,0,0,0,0,0,0,0,0,0,1,0,0,0,0,0,0.0,0.0,featurebase
Brytlyt,Relational,Relational DBMS,https://db-engines.com/en/system/Brytlyt,brytlyt.io,N,,-,0.25,294,-,-,Brytlyt,2016,2023,N,,N,0,0,0,0,0,0,0,0,0,0,0,0,1,0,0,0,0,0,0.0,0.0,brytlyt
OpenQM,Multivalue,Multivalue DBMS,https://db-engines.com/en/system/OpenQM,www.rocketsoftware.com/products/rocket-multivalue-application-development-platform/rocket-open-qm,Y,,gregjurman/openqm,0.24,295,gregjurman,openqm,"Rocket Software, originally Martin Phillips",1993,,Y,"GPLv2, extended commercial license available",N,0,0,0,0,0,0,1,0,0,0,0,0,0,0,0,0,0,0,0.0,0.0,openqm
Project Voldemort,Key-value,Key-value store,https://db-engines.com/en/system/Project+Voldemort,www.project-voldemort.com,Y,,voldemort/voldemort,0.24,296,voldemort,voldemort,,2009,2017,Y,Apache version 2,N,0,0,0,0,0,1,0,0,0,0,0,0,0,0,0,0,0,0,0.0,0.0,project-voldemort
Fujitsu Enterprise Postgres,Relational,"Relational DBMS,Document store,Spatial DBMS",https://db-engines.com/en/system/Fujitsu+Enterprise+Postgres,www.postgres.global.fujitsu.com,N,,-,0.23,297,-,-,Fujitsu Limited,,2024,N,,N,0,0,1,0,0,0,0,0,0,0,0,0,1,0,1,0,0,0,1.0,0.0,fujitsu-enterprise-postgres
Kyoto Tycoon,Key-value,Key-value store,https://db-engines.com/en/system/Kyoto+Tycoon,dbmx.net//kyototycoon,Y,,AlticeLabsProjects/kyoto,0.23,298,AlticeLabsProjects,kyoto,,2009,,Y,GPL,N,0,0,0,0,0,1,0,0,0,0,0,0,0,0,0,0,0,0,0.0,0.0,kyoto-tycoon
RedStore,RDF,RDF store,https://db-engines.com/en/system/RedStore,www.aelius.com/njh/redstore,Y,,njh/redstore,0.23,299,njh,redstore,,2009,,Y,GPLv3,N,0,0,0,0,0,0,0,0,0,0,0,1,0,0,0,0,0,0,0.0,0.0,redstore
Vald,Vector,Vector DBMS,https://db-engines.com/en/system/Vald,vald.vdaas.org,Y,,vdaas/vald,0.23,300,vdaas,vald,,,,Y,Apache-2.0 license,N,0,0,0,0,0,0,0,0,0,0,0,0,0,0,0,0,1,0,0.0,1.0,vald
Manticore Search,Search Engine,"Search engine,Time Series DBMS",https://db-engines.com/en/system/Manticore+Search,manticoresearch.com,Y,,manticoresoftware/manticoresearch,0.23,301,manticoresoftware,manticoresearch,Manticore Software,2017,2023,Y,GPL version 2,N,0,0,0,0,0,0,0,0,0,0,0,0,0,1,0,1,0,0,0.0,0.0,manticore-search
Tokyo Tyrant,Key-value,Key-value store,https://db-engines.com/en/system/Tokyo+Tyrant,fallabs.com/tokyotyrant/,Y,,hthetiot/Tokyo-Tyrant,0.22,302,hthetiot,Tokyo-Tyrant,Mikio  Hirabayashi,2007,,Y,GPL,N,0,0,0,0,0,1,0,0,0,0,0,0,0,0,0,0,0,0,0.0,0.0,tokyo-tyrant
PieCloudDB,Relational,Relational DBMS,https://db-engines.com/en/system/PieCloudDB,www.openpie.com,N,,-,0.22,303,-,-,OpenPie,,2023,N,,Y,0,0,0,0,0,0,0,0,0,0,0,0,1,0,0,0,0,0,0.0,0.0,pieclouddb
ModeShape,Content,Content stores,https://db-engines.com/en/system/ModeShape,modeshape.jboss.org,Y,,ModeShape/modeshape,0.22,304,ModeShape,modeshape,,2010,,Y,Apache Version 2,N,0,1,0,0,0,0,0,0,0,0,0,0,0,0,0,0,0,0,0.0,0.0,modeshape
XTDB,Document,Document store,https://db-engines.com/en/system/XTDB,"github.com/xtdb/xtdb,www.xtdb.com",Y,,xtdb/xtdb,0.22,305,xtdb,xtdb,Juxt Ltd.,2019,2021,Y,MIT License,N,0,0,1,0,0,0,0,0,0,0,0,0,0,0,0,0,0,0,0.0,0.0,xtdb
Actian FastObjects,Object Oriented,Object oriented DBMS,https://db-engines.com/en/system/Actian+FastObjects,esd.actian.com/product/Versant_FastObjects,N,,-,0.22,306,-,-,Actian,,,N,,N,0,0,0,0,0,0,0,0,0,0,1,0,0,0,0,0,0,0,0.0,0.0,actian-fastobjects
LeanXcale,Key-value,"Key-value store,Relational DBMS",https://db-engines.com/en/system/LeanXcale,www.leanxcale.com,N,,-,0.22,307,-,-,LeanXcale,2015,,N,,N,0,0,0,0,0,1,0,0,0,0,0,0,1,0,0,0,0,0,0.0,0.0,leanxcale
YTsaurus,Document,"Document store,Key-value store",https://db-engines.com/en/system/YTsaurus,ytsaurus.tech,Y,,ytsaurus/ytsaurus,0.21,308,ytsaurus,ytsaurus,Yandex,2023,,Y,"Apache License, Version 2.0",N,0,0,1,0,0,1,0,0,0,0,0,0,0,0,0,0,0,0,0.0,0.0,ytsaurus
RDFox,Graph,"Graph DBMS,RDF store,Relational DBMS",https://db-engines.com/en/system/RDFox,www.oxfordsemantic.tech,N,,-,0.21,309,-,-,Oxford Semantic Technologies,2017,2022,N,,N,0,0,0,0,1,0,0,0,0,0,0,1,1,0,0,0,0,0,0.0,0.0,rdfox
Immudb,Key-value,"Key-value store,Relational DBMS",https://db-engines.com/en/system/Immudb,"github.com/codenotary/immudb,immudb.io",Y,,codenotary/immudb,0.19,310,codenotary,immudb,Codenotary,2020,2022,Y,Apache Version 2.0,N,0,0,0,0,0,1,0,0,0,0,0,0,1,0,0,0,0,0,0.0,0.0,immudb
PipelineDB,Relational,Relational DBMS,https://db-engines.com/en/system/PipelineDB,github.com/pipelinedb/pipelinedb,Y,,pipelinedb/pipelinedb,0.19,311,pipelinedb,pipelinedb,,2015,,Y,"BSD, GPL V3",N,0,0,0,0,0,0,0,0,0,0,0,0,1,0,0,0,0,0,0.0,0.0,pipelinedb
NEventStore,Event,Event Store,https://db-engines.com/en/system/NEventStore,neventstore.org,Y,,NEventStore/NEventStore,0.19,312,NEventStore,NEventStore,,2011,,Y,MIT-License,N,0,0,0,1,0,0,0,0,0,0,0,0,0,0,0,0,0,0,0.0,0.0,neventstore
4store,RDF,RDF store,https://db-engines.com/en/system/4store,github.com/4store/4store,Y,,4store/4store,0.19,313,4store,4store,,2009,,Y,GPLv3,N,0,0,0,0,0,0,0,0,0,0,0,1,0,0,0,0,0,0,0.0,0.0,4store
Axibase,Time Series,Time Series DBMS,https://db-engines.com/en/system/Axibase,axibase.com/docs/atsd/finance,N,,-,0.18,314,-,-,Axibase Corporation,2013,1558,N,"Community Edition (single node) is free, Enterprise Edition (distributed) is paid",N,0,0,0,0,0,0,0,0,0,0,0,0,0,0,0,1,0,0,0.0,0.0,axibase
YottaDB,Key-value,"Key-value store,Relational DBMS",https://db-engines.com/en/system/YottaDB,yottadb.com,Y,,YottaDB/YDB,0.18,315,YottaDB,YDB,"YottaDB, LLC",2001,,Y,AGPL 3.0,N,0,0,0,0,0,1,0,0,0,0,0,0,1,0,0,0,0,0,0.0,,yottadb
AnzoGraph DB,Graph,"Graph DBMS,RDF store",https://db-engines.com/en/system/AnzoGraph+DB,cambridgesemantics.com/anzograph,N,,-,0.18,316,-,-,Cambridge Semantics,2018,2021,N,free trial version available,N,0,0,0,0,1,0,0,0,0,0,0,1,0,0,0,0,0,0,0.0,0.0,anzograph-db
TransLattice,Relational,Relational DBMS,https://db-engines.com/en/system/TransLattice,www.translattice.com,N,,-,0.18,317,-,-,,2007,,N,,N,0,0,0,0,0,0,0,0,0,0,0,0,1,0,0,0,0,0,0.0,0.0,translattice
Warp 10,Time Series,Time Series DBMS,https://db-engines.com/en/system/Warp+10,www.warp10.io,Y,,senx/warp10-platform,0.17,318,senx,warp10-platform,SenX,2015,,Y,Apache License 2.0,N,0,0,0,0,0,0,0,0,0,0,0,0,0,0,0,1,0,0,0.0,0.0,warp-10
MyScale,Relational,"Relational DBMS,Vector DBMS",https://db-engines.com/en/system/MyScale,myscale.com,N,,-,0.17,319,-,-,,2022,,N,,Y,0,0,0,0,0,0,0,0,0,0,0,0,1,0,0,0,1,0,0.0,1.0,myscale
Raima Database Manager,Relational,"Relational DBMS,Time Series DBMS",https://db-engines.com/en/system/Raima+Database+Manager,raima.com,N,,-,0.16,320,-,-,Raima Inc.,1984,2021,N,,N,0,0,0,0,0,0,0,0,0,0,0,0,1,0,0,1,0,0,0.0,0.0,raima-database-manager
Faircom DB,Key-value,"Key-value store,Relational DBMS",https://db-engines.com/en/system/Faircom+DB,www.faircom.com/products/faircom-db,N,,-,0.15,321,-,-,FairCom Corporation,1979,2024,N,"Restricted, free version available",N,0,0,0,0,0,1,0,0,0,0,0,0,1,0,0,0,0,0,0.0,0.0,faircom-db
BigObject,Relational,Relational DBMS,https://db-engines.com/en/system/BigObject,bigobject.io,N,,-,0.15,322,-,-,"BigObject, Inc.",2015,,N,free community edition available,N,0,0,0,0,0,0,0,0,0,0,0,0,1,0,0,0,0,0,0.0,0.0,bigobject
XtremeData,Relational,Relational DBMS,https://db-engines.com/en/system/XtremeData,www.xtremedata.com,N,,-,0.15,323,-,-,,,,N,limited edition free,N,0,0,0,0,0,0,0,0,0,0,0,0,1,0,0,0,0,0,0.0,0.0,xtremedata
OrigoDB,Document,"Document store,Object oriented DBMS",https://db-engines.com/en/system/OrigoDB,origodb.com,Y,,DevrexLabs/OrigoDB,0.15,324,DevrexLabs,OrigoDB,Robert Friberg et al,2009,,Y,,N,0,0,1,0,0,0,0,0,0,0,1,0,0,0,0,0,0,0,0.0,0.0,origodb
Tibco ComputeDB,Relational,Relational DBMS,https://db-engines.com/en/system/Tibco+ComputeDB,edelivery.tibco.com/storefront/eval/tibco-computedb-enterprise-edition/prod12074.html,Y_NotGitHub-release_community.tibco.com/s/article/TIBCO-Graph-Database-Releases,Y,-,0.15,325,-,-,Tibco,2015,,Y,Apache 2.0,N,0,0,0,0,0,0,0,0,0,0,0,0,1,0,0,0,0,0,0.0,0.0,tibco-computedb
EsgynDB,Relational,Relational DBMS,https://db-engines.com/en/system/EsgynDB,www.esgyn.cn,N,,-,0.14,326,-,-,Esgyn,2015,,N,,N,0,0,0,0,0,0,0,0,0,0,0,0,1,0,0,0,0,0,0.0,0.0,esgyndb
ElevateDB,Relational,Relational DBMS,https://db-engines.com/en/system/ElevateDB,www.elevatesoft.com/products?category=edb,N,,-,0.14,327,-,-,"Elevate Software, Inc.",2006,,N,,N,0,0,0,0,0,0,0,0,0,0,0,0,1,0,0,0,0,0,0.0,0.0,elevatedb
GreptimeDB,Time Series,"Time Series,Observability,Time Series DBMS",https://db-engines.com/en/system/GreptimeDB,greptime.com,Y,,GreptimeTeam/greptimedb,0.14,328,GreptimeTeam,GreptimeTeam/greptimedb,Greptime Inc.,2022,,Y,Apache Version 2.0,N,0,0,0,0,0,0,0,0,0,0,0,0,0,0,0,1,0,0,0.0,0.0,greptimedb
Apache HugeGraph,Graph,Graph DBMS,https://db-engines.com/en/system/Apache+HugeGraph,"github.com/hugegraph,hugegraph.apache.org",,,,0.13,329,,,Baidu,2018,,Y,Apache Version 2.0,N,0,0,0,0,1,0,0,0,0,0,0,0,0,0,0,0,0,0,,,apache-hugegraph
Tajo,Relational,Relational DBMS,https://db-engines.com/en/system/Tajo,tajo.apache.org,Y_archivedas_apache/tajo,N,apache/tajo,0.13,330,apache,tajo,Apache Software Foundation,2012,,Y,Apache Version 2,N,0,0,0,0,0,0,0,0,0,0,0,0,1,0,0,0,0,0,0.0,0.0,tajo
IBM Db2 Event Store,Event,"Event Store,Time Series DBMS",https://db-engines.com/en/system/IBM+Db2+Event+Store,www.ibm.com/products/db2-event-store,N,,-,0.13,331,-,-,IBM,2017,,N,free developer edition available,N,0,0,0,1,0,0,0,0,0,0,0,0,0,0,0,1,0,0,0.0,0.0,ibm-db2-event-store
Valentina Server,Relational,Relational DBMS,https://db-engines.com/en/system/Valentina+Server,www.valentina-db.net,N,,-,0.13,332,-,-,Paradigma Software,1999,,N,,N,0,0,0,0,0,0,0,0,0,0,0,0,1,0,0,0,0,0,0.0,0.0,valentina-server
Redland,RDF,RDF store,https://db-engines.com/en/system/Redland,librdf.org,Y,,dajobe/librdf,0.12,333,dajobe,librdf,,2000,,Y,"Multi License (LGPL, GPLv2, Apache V2)",N,0,0,0,0,0,0,0,0,0,0,0,1,0,0,0,0,0,0,0.0,0.0,redland
Ultipa,Graph,Graph DBMS,https://db-engines.com/en/system/Ultipa,www.ultipa.com,N,,-,0.12,334,-,-,Ultipa,2019,,N,,N,0,0,0,0,1,0,0,0,0,0,0,0,0,0,0,0,0,0,0.0,0.0,ultipa
Quasardb,Relational,"Relational DBMS,Time Series DBMS",https://db-engines.com/en/system/Quasardb,quasar.ai,N,,-,0.12,335,-,-,Quasar AI,2009,2026,N,"Free community edition, Non-profit organizations and non-commercial usage are eligible for free licenses",N,0,0,0,0,0,0,0,0,0,0,0,0,1,0,0,1,0,0,0.0,0.0,quasardb
chDB,Relational,"Relational DBMS,Time Series DBMS",https://db-engines.com/en/system/chDB,github.com/chdb-io/chdb,,,,0.12,336,,,,2023,,Y,Apache Version 2.0,N,0,0,0,0,0,0,0,0,0,0,0,0,1,0,0,1,0,0,,,chdb
HyperGraphDB,Graph,Graph DBMS,https://db-engines.com/en/system/HyperGraphDB,hypergraphdb.org,Y,,hypergraphdb/hypergraphdb,0.12,337,hypergraphdb,hypergraphdb,,2007,,Y,L-GPL,N,0,0,0,0,1,0,0,0,0,0,0,0,0,0,0,0,0,0,0.0,0.0,hypergraphdb
Riak TS,Time Series,Time Series DBMS,https://db-engines.com/en/system/Riak+TS,,N,,-,0.11,338,-,-,"Open Source, formerly Basho Technologies",2015,2022,Y,,N,0,0,0,0,0,0,0,0,0,0,0,0,0,0,0,1,0,0,0.0,0.0,riak-ts
Linter,Relational,"Relational DBMS,Spatial DBMS",https://db-engines.com/en/system/Linter,linter.ru,N,,-,0.11,339,-,-,relex.ru,1990,,N,,N,0,0,0,0,0,0,0,0,0,0,0,0,1,0,1,0,0,0,1.0,0.0,linter
Sparksee,Graph,Graph DBMS,https://db-engines.com/en/system/Sparksee,www.sparsity-technologies.com,N,,-,0.1,340,-,-,,2008,2021,N,,N,0,0,0,0,1,0,0,0,0,0,0,0,0,0,0,0,0,0,0.0,0.0,sparksee
Lovefield,Relational,Relational DBMS,https://db-engines.com/en/system/Lovefield,google.github.io/lovefield,Y,,google/lovefield,0.1,341,google,lovefield,Google,2014,2017,Y,Apache 2.0,N,0,0,0,0,0,0,0,0,0,0,0,0,1,0,0,0,0,0,0.0,0.0,lovefield
FlockDB,Graph,Graph DBMS,https://db-engines.com/en/system/FlockDB,github.com/twitter-archive/flockdb,Y_archivedas_twitter-archive/flockdb,Y,twitter-archive/flockdb,0.1,342,twitter-archive,flockdb,Twitter,2010,2012,Y,Apache Version 2,N,0,0,0,0,1,0,0,0,0,0,0,0,0,0,0,0,0,0,0.0,0.0,flockdb
AgensGraph,Graph,"Graph DBMS,Relational DBMS",https://db-engines.com/en/system/AgensGraph,bitnine.net/agensgraph,Y,Y,bitnine-oss/agensgraph,0.1,343,bitnine-oss,agensgraph,Bitnine Global Inc.,2016,2018,Y,Apache License 2.0,N,0,0,0,0,1,0,0,0,0,0,0,0,1,0,0,0,0,0,0.0,0.0,agensgraph
Speedb,Key-value,Key-value store,https://db-engines.com/en/system/Speedb,www.speedb.io,Y,,speedb-io/speedb,0.1,344,speedb-io,speedb,Speedb,2020,,Y,Apache Version 2.0; commercial license available,N,0,0,0,0,0,1,0,0,0,0,0,0,0,0,0,0,0,0,0.0,0.0,speedb
Bangdb,Document,"Document store,Graph DBMS,Time Series DBMS,Spatial DBMS",https://db-engines.com/en/system/Bangdb,bangdb.com,Y,,sachin-sinha/BangDB,0.09,345,sachin-sinha,BangDB,"Sachin Sinha, BangDB",2012,2021,Y,BSD 3,N,0,0,1,0,1,0,0,0,0,0,0,0,0,0,1,1,0,0,1.0,0.0,bangdb
TerminusDB,Graph,"Graph DBMS,Document store,RDF store",https://db-engines.com/en/system/TerminusDB,terminusdb.com,Y,,terminusdb/terminusdb,0.09,346,terminusdb,terminusdb,DataChemist Ltd.,2018,2023,Y,GPL V3,N,0,0,1,0,1,0,0,0,0,0,0,1,0,0,0,0,0,0,0.0,0.0,terminusdb
Badger,Key-value,Key-value store,https://db-engines.com/en/system/Badger,github.com/dgraph-io/badger,Y,,dgraph-io/badger,0.08,347,dgraph-io,badger,DGraph Labs,2017,,Y,Apache 2.0,N,0,0,0,0,0,1,0,0,0,0,0,0,0,0,0,0,0,0,0.0,0.0,badger
Exorbyte,Search Engine,Search engine,https://db-engines.com/en/system/Exorbyte,www.exorbyte.com,N,,-,0.08,348,-,-,,2000,,N,,N,0,0,0,0,0,0,0,0,0,0,0,0,0,1,0,0,0,0,0.0,0.0,exorbyte
SiteWhere,Time Series,Time Series DBMS,https://db-engines.com/en/system/SiteWhere,github.com/sitewhere/sitewhere,Y,,sitewhere/sitewhere,0.07,349,sitewhere,sitewhere,SiteWhere,2010,,Y,Common Public Attribution License Version 1.0,N,0,0,0,0,0,0,0,0,0,0,0,0,0,0,0,1,0,0,0.0,0.0,sitewhere
ScaleOut StateServer,Key-value,Key-value store,https://db-engines.com/en/system/ScaleOut+StateServer,www.scaleoutsoftware.com/products/stateserver,N,,-,0.07,350,-,-,,2005,,N,,N,0,0,0,0,0,1,0,0,0,0,0,0,0,0,0,0,0,0,0.0,0.0,scaleout-stateserver
Alibaba Cloud Table Store,Wide column,Wide column store,https://db-engines.com/en/system/Alibaba+Cloud+Table+Store,www.alibabacloud.com/product/table-store,N,,-,0.07,351,-,-,Alibaba,2016,,N,,Y,0,0,0,0,0,0,0,0,0,0,0,0,0,0,0,0,0,1,0.0,0.0,alibaba-cloud-table-store
GraphBase,Graph,Graph DBMS,https://db-engines.com/en/system/GraphBase,graphbase.ai,N,,-,0.07,352,-,-,,,,N,,N,0,0,0,0,1,0,0,0,0,0,0,0,0,0,0,0,0,0,0.0,0.0,graphbase
CubicWeb,RDF,RDF store,https://db-engines.com/en/system/CubicWeb,www.cubicweb.org,Y_NotGithub-gitlabsite_forge.extranet.logilab.fr/cubicweb/cubicweb,N,-,0.07,353,-,-,Logilab,2001,2021,Y,L-GPL,N,0,0,0,0,0,0,0,0,0,0,0,1,0,0,0,0,0,0,0.0,0.0,cubicweb
EJDB,Document,Document store,https://db-engines.com/en/system/EJDB,github.com/Softmotions/ejdb,Y,,Softmotions/ejdb,0.06,354,Softmotions,ejdb,Softmotions,2012,,Y,GPLv2,N,0,0,1,0,0,0,0,0,0,0,0,0,0,0,0,0,0,0,0.0,0.0,ejdb
Blueflood,Time Series,Time Series DBMS,https://db-engines.com/en/system/Blueflood,blueflood.io,Y,,rackerlabs/blueflood,0.06,355,rackerlabs,blueflood,Rackspace,2013,,Y,Apache 2.0,N,0,0,0,0,0,0,0,0,0,0,0,0,0,0,0,1,0,0,0.0,0.0,blueflood
Elliptics,Key-value,Key-value store,https://db-engines.com/en/system/Elliptics,github.com/reverbrain/elliptics,Y,,reverbrain/elliptics,0.06,355,reverbrain,elliptics,,2009,,Y,,N,0,0,0,0,0,1,0,0,0,0,0,0,0,0,0,0,0,0,0.0,0.0,elliptics
Kuzu,Graph,Graph DBMS,https://db-engines.com/en/system/Kuzu,kuzudb.com,,,,0.06,357,,,,2022,2025,Y,MIT license,N,0,0,0,0,1,0,0,0,0,0,0,0,0,0,0,0,0,0,,,kuzu
SenseiDB,Document,Document store,https://db-engines.com/en/system/SenseiDB,senseidb.github.io/sensei,Y_archivedas_LinkedInAttic/sensei,N,LinkedInAttic/sensei,0.05,358,LinkedInAttic,sensei,,2010,,Y,Apache Version 2,N,0,0,1,0,0,0,0,0,0,0,0,0,0,0,0,0,0,0,0.0,0.0,senseidb
VictoriaLogs,Search Engine,Search engine,https://db-engines.com/en/system/VictoriaLogs,victoriametrics.com/products/victorialogs,,,,0.05,360,,,VictoriaMetrics,2024,,open source apache license 2.0,,N,0,0,0,0,0,0,0,0,0,0,0,0,0,1,0,0,0,0,,,victorialogs
Indica,Search Engine,Search engine,https://db-engines.com/en/system/Indica,indica.nl,N,,-,0.04,361,-,-,,2014,,N,parts of it are open source,N,0,0,0,0,0,0,0,0,0,0,0,0,0,1,0,0,0,0,0.0,0.0,indica
Forge (IRONdb),Time Series,Time Series DBMS,https://db-engines.com/en/system/Forge+%28IRONdb%29,www.apica.io/forge,,,,0.04,362,,,Apica,2017,2025,N,,N,0,0,0,0,0,0,0,0,0,0,0,0,0,0,0,1,0,0,,,forge-irondb
Machbase Neo,Time Series,Time Series DBMS,https://db-engines.com/en/system/Machbase+Neo,machbase.com,Y,,machbase/neo-server,0.04,362,machbase,neo-server,Machbase,2013,2023,N,free test version available,N,0,0,0,0,0,0,0,0,0,0,0,0,0,0,0,1,0,0,0.0,0.0,machbase-neo
NosDB,Document,Document store,https://db-engines.com/en/system/NosDB,www.alachisoft.com/nosdb,Y,,Alachisoft/NosDB,0.04,362,Alachisoft,NosDB,Alachisoft,2016,,Y,Professional and Enterprise Versions available,N,0,0,1,0,0,0,0,0,0,0,0,0,0,0,0,0,0,0,0.0,0.0,nosdb
STSdb,Key-value,Key-value store,https://db-engines.com/en/system/STSdb,github.com/STSSoft/STSdb4,Y,,STSSoft/STSdb4,0.04,362,STSSoft,STSdb4,STS Soft SC,2011,2015,Y,"GPLv2, commercial license available",N,0,0,0,0,0,1,0,0,0,0,0,0,0,0,0,0,0,0,0.0,0.0,stsdb
WakandaDB,Object Oriented,Object oriented DBMS,https://db-engines.com/en/system/WakandaDB,wakanda.github.io,N_commercial,Y,-,0.03,366,-,-,Wakanda SAS,2012,2019,Y,"AGPLv3, extended commercial license available",N,0,0,0,0,0,0,0,0,0,0,1,0,0,0,0,0,0,0,0.0,0.0,wakandadb
Sadas Engine,Relational,Relational DBMS,https://db-engines.com/en/system/Sadas+Engine,www.sadasengine.com,N,,-,0.03,367,-,-,SADAS s.r.l.,2006,,N,free trial version available,N,0,0,0,0,0,0,0,0,0,0,0,0,1,0,0,0,0,0,0.0,0.0,sadas-engine
Jade,Object Oriented,Object oriented DBMS,https://db-engines.com/en/system/Jade,www.jadeworld.com/developer-center,N,,-,0.03,368,-,-,,1996,,N,,N,0,0,0,0,0,0,0,0,0,0,1,0,0,0,0,0,0,0,0.0,0.0,jade
JethroData,Relational,Relational DBMS,https://db-engines.com/en/system/JethroData,jethro.io,N,,-,0.03,369,-,-,JethroData,2013,,N,,N,0,0,0,0,0,0,0,0,0,0,0,0,1,0,0,0,0,0,0.0,0.0,jethrodata
Heroic,Time Series,Time Series DBMS,https://db-engines.com/en/system/Heroic,github.com/spotify/heroic,Y_archivedas_spotify/heroic,N,spotify/heroic,0.02,370,spotify,heroic,Spotify,2014,,Y,Apache 2.0,N,0,0,0,0,0,0,0,0,0,0,0,0,0,0,0,1,0,0,0.0,0.0,heroic
Hawkular Metrics,Time Series,Time Series DBMS,https://db-engines.com/en/system/Hawkular+Metrics,www.hawkular.org,Y,,hawkular/hawkular-metrics,0.02,371,hawkular,hawkular-metrics,Community supported by Red Hat,2014,,Y,Apache 2.0,N,0,0,0,0,0,0,0,0,0,0,0,0,0,0,0,1,0,0,0.0,0.0,hawkular-metrics
OpenMLDB,Time Series,"Time Series DBMS,Relational DBMS",https://db-engines.com/en/system/OpenMLDB,openmldb.ai,,,,0.02,372,,,4 Paradigm Inc.,2020,2024,Y,,N,0,0,0,0,0,0,0,0,0,0,0,0,1,0,0,1,0,0,,,openmldb
Dydra,RDF,RDF store,https://db-engines.com/en/system/Dydra,dydra.com/about,Y_UnlicenseLicense,,dydra/dydra,0.02,373,dydra,dydra,,2010,,N,,N,0,0,0,0,0,0,0,0,0,0,0,1,0,0,0,0,0,0,0.0,0.0,dydra
SmallSQL,Relational,Relational DBMS,https://db-engines.com/en/system/SmallSQL,www.smallsql.de,Y,,CptTZ/SmallSQL,0.02,374,CptTZ,SmallSQL,,2005,,Y,L-GPL,N,0,0,0,0,0,0,0,0,0,0,0,0,1,0,0,0,0,0,0.0,0.0,smallsql
SparkleDB,RDF,RDF store,https://db-engines.com/en/system/SparkleDB,sparkledb.com,N,,-,0.02,375,-,-,,2012,,N,,N,0,0,0,0,0,0,0,0,0,0,0,1,0,0,0,0,0,0,0.0,0.0,sparkledb
Faircom EDGE,Key-value,"Key-value store,Relational DBMS",https://db-engines.com/en/system/Faircom+EDGE,www.faircom.com/products/faircom-edge,N,,-,0.02,376,-,-,FairCom Corporation,1979,2020,N,"Restricted, free version available",N,0,0,0,0,0,1,0,0,0,0,0,0,1,0,0,0,0,0,0.0,0.0,faircom-edge
gStore,Graph,"Graph DBMS,RDF store",https://db-engines.com/en/system/gStore,en.gstore.cn,Y,,pkumod/gStore,0.01,377,pkumod,gStore,,2016,2023,Y,BSD,N,0,0,0,0,1,0,0,0,0,0,0,1,0,0,0,0,0,0,0.0,0.0,gstore
TinkerGraph,Graph,Graph DBMS,https://db-engines.com/en/system/TinkerGraph,tinkerpop.apache.org/docs/current/reference/#tinkergraph-gremlin,Y,,apache/tinkerpop,0.01,378,apache,tinkerpop,,2009,,Y,Apache 2.0,N,0,0,0,0,1,0,0,0,0,0,0,0,0,0,0,0,0,0,0.0,0.0,tinkergraph
Acebase,Document,Document store,https://db-engines.com/en/system/Acebase,github.com/appy-one/acebase,Y,,appy-one/acebase,0.01,379,appy-one,acebase,,2018,,Y,MIT License,N,0,0,1,0,0,0,0,0,0,0,0,0,0,0,0,0,0,0,0.0,0.0,acebase
Resin Cache,Key-value,Key-value store,https://db-engines.com/en/system/Resin+Cache,caucho.com,Y,,dlitz/resin,0.01,380,dlitz,resin,,1998,2021,Y,"GPLv3, extended commercial license available",N,0,0,0,0,0,1,0,0,0,0,0,0,0,0,0,0,0,0,0.0,0.0,resin-cache
SWC-DB,Wide column,"Wide column store,Time Series DBMS",https://db-engines.com/en/system/SWC-DB,"github.com/kashirin-alex/swc-db,www.swcdb.org",Y,,kashirin-alex/swc-db,0.01,381,kashirin-alex,swc-db,Alex Kashirin,2020,2021,Y,GPL V3,N,0,0,0,0,0,0,0,0,0,0,0,0,0,0,0,1,0,1,0.0,0.0,swc-db
Eloquera,Object Oriented,Object oriented DBMS,https://db-engines.com/en/system/Eloquera,www.nuget.org/packages/EloqueraDB,N,,-,0.01,382,-,-,,2008,2014,N,free licenses,N,0,0,0,0,0,0,0,0,0,0,1,0,0,0,0,0,0,0,0.0,0.0,eloquera
OushuDB,Relational,Relational DBMS,https://db-engines.com/en/system/OushuDB,www.oushu.com/product/oushuDB,N,,-,0.0,383,-,-,Oushu,,2020,N,,N,0,0,0,0,0,0,0,0,0,0,0,0,1,0,0,0,0,0,0.0,0.0,oushudb
Siaqodb,Object Oriented,Object oriented DBMS,https://db-engines.com/en/system/Siaqodb,www.siaqodb.com,Y_Nonlicense,,morecraf/Siaqodb,0.0,384,morecraf,Siaqodb,,,,N,,N,0,0,0,0,0,0,0,0,0,0,1,0,0,0,0,0,0,0,0.0,0.0,siaqodb
LedisDB,Key-value,Key-value store,https://db-engines.com/en/system/LedisDB,ledisdb.io,Y,,ledisdb/ledisdb,0.0,385,ledisdb,ledisdb,,2014,,Y,MIT-License,N,0,0,0,0,0,1,0,0,0,0,0,0,0,0,0,0,0,0,0.0,0.0,ledisdb
SwayDB,Key-value,Key-value store,https://db-engines.com/en/system/SwayDB,swaydb.simer.au,Y,,simerplaha/SwayDB,0.0,386,simerplaha,SwayDB,Simer Plaha,2018,,Y,GNU Affero GPL V3.0,N,0,0,0,0,0,1,0,0,0,0,0,0,0,0,0,0,0,0,0.0,0.0,swaydb
ActorDB,Relational,Relational DBMS,https://db-engines.com/en/system/ActorDB,www.actordb.com,Y,,biokoda/actordb,0.0,387,biokoda,actordb,,2014,,Y,Mozilla Public License 2.0,N,0,0,0,0,0,0,0,0,0,0,0,0,1,0,0,0,0,0,0.0,0.0,actordb
AntDB,Relational,Relational DBMS,https://db-engines.com/en/system/AntDB,www.asiainfo.com/en_us/product_aisware_antdb_detail.html,Y,,ADBSQL/AntDB,0.0,387,ADBSQL,AntDB,AsiaInfo Technologies Limited,,,N,"community version available at,github.com/ADBSQL/AntDB",N,0,0,0,0,0,0,0,0,0,0,0,0,1,0,0,0,0,0,0.0,0.0,antdb
BergDB,Key-value,Key-value store,https://db-engines.com/en/system/BergDB,bergdb.com,Y,,bergdb/bergdb,0.0,387,bergdb,bergdb,,2013,,Y,Gnu Affero General Public License (AGPL),N,0,0,0,0,0,1,0,0,0,0,0,0,0,0,0,0,0,0,0.0,0.0,bergdb
BrightstarDB,RDF,RDF store,https://db-engines.com/en/system/BrightstarDB,brightstardb.com,Y,,BrightstarDB/BrightstarDB,0.0,387,BrightstarDB,BrightstarDB,,2012,,Y,,N,0,0,0,0,0,0,0,0,0,0,0,1,0,0,0,0,0,0,0.0,0.0,brightstardb
Cachelot.io,Key-value,Key-value store,https://db-engines.com/en/system/Cachelot.io,cachelot.io,Y,,cachelot/cachelot,0.0,387,cachelot,cachelot,,2015,,Y,Simplified BSD License,N,0,0,0,0,0,1,0,0,0,0,0,0,0,0,0,0,0,0,0.0,0.0,cachelotio
CortexDB,Document,"Document store,Key-value store",https://db-engines.com/en/system/CortexDB,www.cortex-ag.com,N,,-,0.0,387,-,-,,2014,,N,,N,0,0,1,0,0,1,0,0,0,0,0,0,0,0,0,0,0,0,0.0,0.0,cortexdb
CovenantSQL,Relational,Relational DBMS,https://db-engines.com/en/system/CovenantSQL,covenantsql.io,Y,,CovenantSQL/CovenantSQL,0.0,387,CovenantSQL,CovenantSQL,,2018,,Y,,N,0,0,0,0,0,0,0,0,0,0,0,0,1,0,0,0,0,0,0.0,0.0,covenantsql
DaggerDB,Relational,Relational DBMS,https://db-engines.com/en/system/DaggerDB,www.daggerdb.com,N,,-,0.0,387,-,-,,2014,,N,,N,0,0,0,0,0,0,0,0,0,0,0,0,1,0,0,0,0,0,0.0,0.0,daggerdb
DataFS,Object Oriented,"Object oriented DBMS,Graph DBMS",https://db-engines.com/en/system/DataFS,newdatabase.com,N,,-,0.0,387,-,-,Mobiland AG,2018,2022,N,,N,0,0,0,0,1,0,0,0,0,0,1,0,0,0,0,0,0,0,0.0,0.0,datafs
Diana DB,NoSQL,NoSQL,https://db-engines.com/en/system/Diana+DB,diana-db.com,,,,0.0,387,,,,,,,,,0,0,0,0,0,0,0,0,0,1,0,0,0,0,0,0,0,0,,,diana-db
Easysearch,Vector,Vector DBMS,https://db-engines.com/en/system/Easysearch,easysearch.cn,,,,0.0,387,,,,,,,,,0,0,0,0,0,0,0,0,0,0,0,0,0,0,0,0,1,0,,,easysearch
Edge Intelligence,Relational,Relational DBMS,https://db-engines.com/en/system/Edge+Intelligence,www.edgeintelligence.com,N,,-,0.0,387,-,-,Adapdix,2012,,N,,N,0,0,0,0,0,0,0,0,0,0,0,0,1,0,0,0,0,0,0.0,0.0,edge-intelligence
EdgelessDB,Relational,Relational DBMS,https://db-engines.com/en/system/EdgelessDB,"github.com/edgelesssys/edgelessdb,www.edgeless.systems/products/edgelessdb",Y,,edgelesssys/edgelessdb,0.0,387,edgelesssys,edgelessdb,Edgeless Systems,2021,,Y,GPL V2,N,0,0,0,0,0,0,0,0,0,0,0,0,1,0,0,0,0,0,0.0,0.0,edgelessdb
Galaxybase,Graph,Graph DBMS,https://db-engines.com/en/system/Galaxybase,galaxybase.com,N,,-,0.0,387,-,-,"Chuanglin(Createlink) Technology Co., Ltd 浙江创邻科技有限公司",2017,2021,N,,N,0,0,0,0,1,0,0,0,0,0,0,0,0,0,0,0,0,0,0.0,0.0,galaxybase
H2GIS,Spatial,"Spatial DBMS,Relational DBMS",https://db-engines.com/en/system/H2GIS,www.h2gis.org,Y,,orbisgis/h2gis,0.0,387,orbisgis,h2gis,CNRS,2013,,Y,LGPL 3.0,N,0,0,0,0,0,0,0,0,0,0,0,0,1,0,1,0,0,0,1.0,0.0,h2gis
Helium,Key-value,Key-value store,https://db-engines.com/en/system/Helium,www.levyx.com/helium,N,,-,0.0,387,-,-,Levyx Inc.,2013,,N,,N,0,0,0,0,0,1,0,0,0,0,0,0,0,0,0,0,0,0,0.0,0.0,helium
HGraphDB,Graph,Graph DBMS,https://db-engines.com/en/system/HGraphDB,github.com/rayokota/hgraphdb,Y,,rayokota/hgraphdb,0.0,387,rayokota,hgraphdb,,2016,,Y,Apache 2.0,N,0,0,0,0,1,0,0,0,0,0,0,0,0,0,0,0,0,0,0.0,0.0,hgraphdb
HyperLevelDB,Key-value,Key-value store,https://db-engines.com/en/system/HyperLevelDB,github.com/rescrv/HyperLevelDB,Y,,rescrv/HyperLevelDB,0.0,387,rescrv,HyperLevelDB,,2010,,Y,,N,0,0,0,0,0,1,0,0,0,0,0,0,0,0,0,0,0,0,0.0,0.0,hyperleveldb
iBoxDB,Document,Document store,https://db-engines.com/en/system/iBoxDB,www.iboxdb.com,Y,,iboxdb/ftserver,0.0,387,iboxdb,ftserver,,2013,,Y,,N,0,0,1,0,0,0,0,0,0,0,0,0,0,0,0,0,0,0,0.0,0.0,iboxdb
InfinityDB,Key-value,Key-value store,https://db-engines.com/en/system/InfinityDB,boilerbay.com,N,,-,0.0,387,-,-,Boiler Bay Inc.,2002,,N,,N,0,0,0,0,0,1,0,0,0,0,0,0,0,0,0,0,0,0,0.0,0.0,infinitydb
JaguarDB,Key-value,"Key-value store,Vector DBMS",https://db-engines.com/en/system/JaguarDB,www.jaguardb.com,Y,Y,datajaguar/jaguardb,0.0,387,datajaguar,jaguardb,"DataJaguar, Inc.",2015,2023,Y,GPL V3.0,N,0,0,0,0,0,1,0,0,0,0,0,0,0,0,0,0,1,0,0.0,1.0,jaguardb
JasDB,Document,Document store,https://db-engines.com/en/system/JasDB,www.oberasoftware.com/jasdb,Y,,oberasoftware/jasdb,0.0,387,oberasoftware,jasdb,,2014,,Y,,N,0,0,1,0,0,0,0,0,0,0,0,0,0,0,0,0,0,0,0.0,0.0,jasdb
K-DB,Relational,Relational DBMS,https://db-engines.com/en/system/K-DB,www.inspur.com/lcjtww/2528111/2528114/2528131/index.html,N,,-,0.0,387,-,-,Inspur Group,,,N,,N,0,0,0,0,0,0,0,0,0,0,0,0,1,0,0,0,0,0,0.0,0.0,k-db
Newts,Time Series,Time Series DBMS,https://db-engines.com/en/system/Newts,opennms.github.io/newts,Y,,OpenNMS/newts,0.0,387,OpenNMS,newts,OpenNMS Group,2014,,Y,Apache 2.0,N,0,0,0,0,0,0,0,0,0,0,0,0,0,0,0,1,0,0,0.0,0.0,newts
NSDb,Time Series,Time Series DBMS,https://db-engines.com/en/system/NSDb,nsdb.io,Y,,radicalbit/NSDb,0.0,387,radicalbit,NSDb,,2017,,Y,Apache Version 2.0,N,0,0,0,0,0,0,0,0,0,0,0,0,0,0,0,1,0,0,0.0,0.0,nsdb
openGemini,Time Series,Time Series DBMS,https://db-engines.com/en/system/openGemini,"www.opengemini.org,github.com/openGemini",Y,,openGemini/openGemini,0.0,387,openGemini,openGemini,Huawei and openGemini community,2022,2023,Y,Apache Version 2.0,N,0,0,0,0,0,0,0,0,0,0,0,0,0,0,0,1,0,0,0.0,,opengemini
OpenTenBase,Relational,Relational DBMS,https://db-engines.com/en/system/OpenTenBase,"github.com/OpenTenBase/OpenTenBase,www.opentenbase.org",,,,0.0,387,,,"OpenAtom Foundation, previously Tencent",,2024,Y,BSD-3,N,0,0,0,0,0,0,0,0,0,0,0,0,1,0,0,0,0,0,,,opentenbase
RayforceDB,Columnar,Columnar,https://db-engines.com/en/system/RayforceDB,rayforcedb.com,,,,0.0,387,,,,,,,,,1,0,0,0,0,0,0,0,0,0,0,0,0,0,0,0,0,0,,,rayforcedb
ReductStore,Time Series,Time Series DBMS,https://db-engines.com/en/system/ReductStore,"github.com/reductstore,www.reduct.store",,,,0.0,387,,,ReductSoftware,2023,2024,Y,Business Source License 1.1,N,0,0,0,0,0,0,0,0,0,0,0,0,0,0,0,1,0,0,,,reductstore
Rizhiyi,Search Engine,"Search engine,Time Series DBMS",https://db-engines.com/en/system/Rizhiyi,www.rizhiyi.com,N,,-,0.0,387,-,-,Rizhiyi,2014,,N,,N,0,0,0,0,0,0,0,0,0,0,0,0,0,1,0,1,0,0,0.0,0.0,rizhiyi
searchxml,Native XML,"Native XML DBMS,Search engine",https://db-engines.com/en/system/searchxml,www.searchxml.net/category/products,N,,-,0.0,387,-,-,informationpartners gmbh,2015,,N,,N,0,0,0,0,0,0,0,1,0,0,0,0,0,1,0,0,0,0,0.0,0.0,searchxml
SiriDB,Time Series,Time Series DBMS,https://db-engines.com/en/system/SiriDB,siridb.com,Y,,SiriDB/siridb-server,0.0,387,SiriDB,siridb-server,Cesbit,2017,,Y,MIT License,N,0,0,0,0,0,0,0,0,0,0,0,0,0,0,0,1,0,0,0.0,0.0,siridb
Skytable,Key-value,Key-value store,https://db-engines.com/en/system/Skytable,"github.com/skytable/skytable,skytable.io",Y,Y,skytable/skytable,0.0,387,skytable,skytable,"Skytable, Inc.",2020,,Y,GNU AGPL 3.0,N,0,0,0,0,0,1,0,0,0,0,0,0,0,0,0,0,0,0,0.0,0.0,skytable
SpaceTime,Spatial,"Spatial DBMS,Relational DBMS",https://db-engines.com/en/system/SpaceTime,www.mireo.com/spacetime,N,,-,0.0,387,-,-,Mireo,2020,,N,,N,0,0,0,0,0,0,0,0,0,0,0,0,1,0,1,0,0,0,1.0,0.0,spacetime
SpacetimeDB,Relational,Relational DBMS,https://db-engines.com/en/system/SpacetimeDB,spacetimedb.com,,,,0.0,387,,,"Clockwork Labs,clockworklabs.io",,,"business source license, which converts to an agpl (with linking exception) open-source license after 4 years.",,N,0,0,0,0,0,0,0,0,0,0,0,0,1,0,0,0,0,0,,,spacetimedb
SvectorDB,Vector,Vector DBMS,https://db-engines.com/en/system/SvectorDB,svectordb.com,,,,0.0,387,,,SvectorDB,2023,,N,,Y,0,0,0,0,0,0,0,0,0,0,0,0,0,0,0,0,1,0,,,svectordb
TerarkDB,Key-value,Key-value store,https://db-engines.com/en/system/TerarkDB,github.com/bytedance/terarkdb,Y_GithubFork,,bytedance/terarkdb,0.0,387,bytedance,terarkdb,"ByteDance, originally Terark",2016,,N,restricted open source version available,N,0,0,0,0,0,1,0,0,0,0,0,0,0,0,0,0,0,0,0.0,0.0,terarkdb
TidesDB,Key-value,Key-value store,https://db-engines.com/en/system/TidesDB,"tidesdb.com,.org/.net",,,,0.0,387,,,"Alex Gaetano Padula, TidesDB Contributors, TidesDB Corp.",2023,,mpl-2.0 / gplv2,,N,0,0,0,0,0,1,0,0,0,0,0,0,0,0,0,0,0,0,,,tidesdb
Tigris,Document,"Document store,Key-value store,Search engine,Time Series DBMS",https://db-engines.com/en/system/Tigris,www.tigrisdata.com,Y,,tigrisdata/tigris,0.0,387,tigrisdata,tigris,"Tigris Data, Inc.",2022,,Y,Apache Version 2.0,N,0,0,1,0,0,1,0,0,0,0,0,0,0,1,0,1,0,0,0.0,0.0,tigris
Tkrzw,Key-value,Key-value store,https://db-engines.com/en/system/Tkrzw,dbmx.net/tkrzw,Y,,estraier/tkrzw,0.0,387,estraier,tkrzw,Mikio Hirabayashi,2020,2020,Y,Apache Version 2.0,N,0,0,0,0,0,1,0,0,0,0,0,0,0,0,0,0,0,0,0.0,0.0,tkrzw
TomP2P,Key-value,Key-value store,https://db-engines.com/en/system/TomP2P,tomp2p.net,Y,,tomp2p/TomP2P,0.0,387,tomp2p,TomP2P,,2004,,Y,Apache Version 2,N,0,0,0,0,0,1,0,0,0,0,0,0,0,0,0,0,0,0,0.0,0.0,tomp2p
Transbase,Relational,Relational DBMS,https://db-engines.com/en/system/Transbase,www.transaction.de/en/products/transbase.html,N,,-,0.0,387,-,-,Transaction Software GmbH,1987,2022,N,free development license,N,0,0,0,0,0,0,0,0,0,0,0,0,1,0,0,0,0,0,0.0,0.0,transbase
Transwarp ArgoDB,Relational,"Relational DBMS,Search engine",https://db-engines.com/en/system/Transwarp+ArgoDB,www.transwarp.cn/en/product/argodb,N,,-,0.0,387,-,-,Transwarp,,,N,,N,0,0,0,0,0,0,0,0,0,0,0,0,1,1,0,0,0,0,0.0,0.0,transwarp-argodb
Transwarp Hippo,Vector,Vector DBMS,https://db-engines.com/en/system/Transwarp+Hippo,www.transwarp.cn/en/subproduct/hippo,N,,-,0.0,387,-,-,,2023,2023,N,,N,0,0,0,0,0,0,0,0,0,0,0,0,0,0,0,0,1,0,0.0,1.0,transwarp-hippo
Transwarp KunDB,Relational,Relational DBMS,https://db-engines.com/en/system/Transwarp+KunDB,www.transwarp.cn/en/product/kundb,N,,-,0.0,387,-,-,Transwarp,,,N,,N,0,0,0,0,0,0,0,0,0,0,0,0,1,0,0,0,0,0,0.0,0.0,transwarp-kundb
Transwarp StellarDB,Graph,Graph DBMS,https://db-engines.com/en/system/Transwarp+StellarDB,www.transwarp.cn/en/product/stellardb,Y_IssueTracking,,stellardb/StellarDB,0.0,387,stellardb,StellarDB,Transwarp,,,N,,N,0,0,0,0,1,0,0,0,0,0,0,0,0,0,0,0,0,0,0.0,0.0,transwarp-stellardb
Upscaledb,Key-value,Key-value store,https://db-engines.com/en/system/Upscaledb,upscaledb.com,Y,,cruppstahl/upscaledb,0.0,387,cruppstahl,upscaledb,,2007,,Y,Apache Version 2,N,0,0,0,0,0,1,0,0,0,0,0,0,0,0,0,0,0,0,0.0,0.0,upscaledb
VelocityDB,Graph,"Graph DBMS,Object oriented DBMS",https://db-engines.com/en/system/VelocityDB,velocitydb.com,N,,-,0.0,387,-,-,VelocityDB Inc,2011,,N,,N,0,0,0,0,1,0,0,0,0,0,1,0,0,0,0,0,0,0,0.0,0.0,velocitydb
VillageSQL,Relational,"Relational DBMS,Document store,Spatial DBMS",https://db-engines.com/en/system/VillageSQL,villagesql.com,,,,0.0,387,,,VillageSQL,2025,,open source — gpl v2,,N,0,0,1,0,0,0,0,0,0,0,0,0,1,0,1,0,0,0,,,villagesql
WhiteDB,Document,Document store,https://db-engines.com/en/system/WhiteDB,whitedb.org,Y,,priitj/whitedb,0.0,387,priitj,whitedb,,2008,,Y,GPL V3,N,0,0,1,0,0,0,0,0,0,0,0,0,0,0,0,0,0,0,0.0,0.0,whitedb
